Number_of_Rooms,Site_Area_sqm,Built_Area_sqm,Property_Years,Construction_Materials,Housing_Typology,Land_Value_Grading,Proximity_to_CBD_km,Proximity_to_Bus_Station_km,Type_of_Nearest_Road,Proximity_to_Schools_km,Price_ETB
3,402,275,18,Concrete,Semi-detached,Low,0.66,0.39,Gravel,1.51,2453165
6,111,72,5,Concrete,Semi-detached,High,0.12,1.38,Asphalt,2.04,2006785
4,417,306,2,Concrete,Condominium,Medium,5.0,2.21,Gravel,2.71,2164504
4,179,72,4,Mud&Wood,Condominium,Low,4.03,1.08,Asphalt,1.3,400087
3,315,147,12,Concrete,Semi-detached,Medium,3.95,1.26,Asphalt,2.89,1366641
3,438,176,14,Mud&Wood,Semi-detached,Medium,2.6,0.27,Asphalt,1.36,1753745
2,363,227,13,Concrete,Condominium,Medium,1.57,0.77,Gravel,1.88,2560889
5,578,412,22,Mud&Wood,Detached,Medium,0.84,0.88,Gravel,2.19,2962398
4,248,120,15,Mud&Wood,Detached,Low,1.49,2.37,Asphalt,2.86,735211
4,180,130,17,Mud&Wood,Detached,Medium,1.94,0.78,Gravel,0.88,607068
2,314,132,21,Mud&Wood,Detached,Medium,3.81,1.21,Gravel,2.29,406612
6,584,424,21,Mud&Wood,Semi-detached,High,2.74,1.71,Gravel,1.66,2492338
5,473,247,10,Concrete,Semi-detached,High,0.48,0.49,Asphalt,0.95,7159053
3,563,245,2,Concrete,Semi-detached,Low,0.19,1.27,Gravel,2.37,3570520
3,297,169,21,Concrete,Detached,Medium,0.6,1.87,Asphalt,1.75,2129686
3,299,146,9,Mud&Wood,Semi-detached,Medium,2.11,2.18,Asphalt,2.05,1165818
3,124,61,9,Mud&Wood,Detached,High,4.67,1.6,Gravel,1.1,647533
4,565,286,20,Concrete,Semi-detached,Medium,3.22,1.71,Asphalt,1.55,2483979
4,188,128,15,Concrete,Semi-detached,Low,4.03,0.4,Asphalt,1.93,1259062
3,367,216,11,Concrete,Detached,Medium,2.39,2.37,Asphalt,1.33,2585206
4,242,123,1,Mud&Wood,Detached,High,1.87,0.42,Gravel,0.76,2190937
3,158,96,8,Concrete,Detached,Medium,0.63,1.96,Gravel,2.89,1558283
3,509,331,23,Concrete,Condominium,Low,4.39,0.74,Asphalt,1.63,1752016
3,588,291,2,Concrete,Condominium,Medium,3.94,2.34,Gravel,2.25,2588399
4,464,252,23,Concrete,Semi-detached,Low,0.92,1.83,Asphalt,1.35,2123300
4,125,55,24,Mud&Wood,Detached,Medium,2.61,1.91,Asphalt,1.19,400000
3,146,67,14,Mud&Wood,Semi-detached,Low,2.49,0.63,Gravel,1.34,400000
4,387,247,2,Mud&Wood,Semi-detached,Medium,3.16,1.16,Asphalt,1.35,2168495
4,365,169,18,Concrete,Condominium,High,4.74,1.58,Asphalt,1.72,1144089
2,115,67,17,Concrete,Detached,Medium,2.94,1.95,Asphalt,1.72,594027
4,298,193,7,Concrete,Detached,Medium,2.75,0.35,Gravel,1.59,2812953
3,500,218,25,Mud&Wood,Semi-detached,Low,0.35,2.41,Asphalt,0.58,964705
2,506,302,16,Concrete,Detached,Low,0.41,2.24,Gravel,1.59,2611507
5,381,186,7,Concrete,Detached,Medium,1.02,0.75,Gravel,0.67,3841649
6,568,418,6,Concrete,Detached,Medium,0.26,2.07,Asphalt,0.55,9779324
5,185,105,6,Mud&Wood,Semi-detached,High,3.74,1.34,Gravel,2.81,1377238
3,349,238,2,Concrete,Condominium,Low,3.64,1.21,Asphalt,1.89,2254108
2,490,290,0,Mud&Wood,Condominium,Medium,0.77,0.85,Asphalt,2.05,3740605
4,369,153,3,Concrete,Semi-detached,Medium,4.2,1.49,Gravel,1.33,1581268
4,434,269,24,Concrete,Semi-detached,Medium,0.86,1.85,Gravel,2.75,1925147
3,216,158,4,Concrete,Detached,High,1.58,1.09,Asphalt,1.99,4277655
4,106,64,0,Concrete,Semi-detached,Medium,1.32,1.61,Asphalt,2.35,742498
2,236,162,14,Concrete,Detached,Medium,1.92,1.78,Asphalt,1.23,2609719
5,470,333,4,Concrete,Semi-detached,High,1.35,1.81,Asphalt,2.89,6681041
3,275,131,12,Concrete,Detached,Low,2.5,0.22,Asphalt,2.5,1283738
4,427,202,7,Mud&Wood,Detached,Medium,2.1,2.16,Asphalt,2.59,1496272
3,597,366,7,Concrete,Detached,High,4.93,1.2,Gravel,0.68,4745539
4,414,225,4,Mud&Wood,Detached,Medium,0.37,0.73,Asphalt,0.96,3555758
4,314,217,8,Concrete,Detached,Low,0.8,0.68,Asphalt,1.0,3786415
3,576,411,0,Mud&Wood,Detached,Medium,0.36,1.26,Gravel,0.96,5649165
6,181,94,3,Concrete,Condominium,Medium,3.17,2.23,Gravel,2.6,1119609
4,322,155,2,Concrete,Semi-detached,High,0.37,1.01,Asphalt,0.29,5928722
5,577,388,1,Concrete,Semi-detached,High,4.2,1.9,Asphalt,0.41,6830104
5,471,233,7,Concrete,Condominium,Medium,2.61,0.33,Gravel,0.97,2778964
4,522,359,22,Concrete,Condominium,Low,2.68,1.24,Asphalt,0.76,2526437
5,582,319,8,Mud&Wood,Semi-detached,Low,2.85,2.48,Asphalt,0.85,1324534
2,501,317,1,Mud&Wood,Condominium,High,0.94,1.95,Gravel,2.43,4014477
3,542,234,13,Mud&Wood,Detached,Medium,1.07,0.61,Asphalt,1.78,2504924
2,589,364,13,Mud&Wood,Detached,Low,1.66,1.3,Asphalt,0.22,2500065
3,202,112,3,Concrete,Semi-detached,Medium,3.01,0.66,Asphalt,1.4,1907384
3,372,225,5,Concrete,Semi-detached,Low,1.13,1.08,Asphalt,1.34,3129362
3,113,51,10,Concrete,Semi-detached,High,0.67,1.97,Asphalt,0.52,1004431
5,258,169,2,Concrete,Detached,Low,4.85,1.95,Gravel,2.09,1041937
3,251,176,7,Concrete,Detached,Low,0.21,0.65,Asphalt,2.17,2850254
3,582,276,2,Concrete,Semi-detached,Low,4.03,2.31,Asphalt,2.22,2222820
4,207,89,13,Concrete,Detached,Medium,3.96,1.52,Asphalt,2.24,993548
3,287,117,12,Concrete,Semi-detached,Medium,1.56,1.01,Gravel,0.2,1450034
5,400,249,12,Mud&Wood,Semi-detached,Low,0.76,1.3,Asphalt,2.87,1655693
2,197,120,1,Mud&Wood,Semi-detached,Medium,0.81,1.55,Asphalt,2.48,1536285
6,230,136,12,Concrete,Condominium,Medium,3.52,1.44,Gravel,2.73,603790
4,392,188,18,Mud&Wood,Condominium,Low,3.25,1.27,Asphalt,0.24,596148
3,270,144,5,Mud&Wood,Semi-detached,Low,3.94,1.31,Asphalt,2.81,442686
2,523,318,15,Concrete,Semi-detached,Low,4.69,0.52,Asphalt,2.47,1577522
5,573,328,1,Concrete,Semi-detached,Medium,3.49,2.05,Asphalt,2.54,4223146
4,282,210,7,Concrete,Detached,Low,0.86,1.4,Asphalt,0.46,3323226
4,570,255,16,Mud&Wood,Detached,Low,1.29,0.41,Gravel,2.27,1134977
4,463,297,22,Mud&Wood,Detached,High,4.23,1.94,Asphalt,2.89,1672648
2,138,74,1,Concrete,Semi-detached,Medium,1.13,2.34,Asphalt,2.1,1421624
3,114,62,9,Concrete,Semi-detached,Medium,0.46,2.37,Asphalt,1.8,851488
3,475,309,15,Concrete,Condominium,Medium,3.55,0.99,Asphalt,2.85,2532040
5,596,382,5,Concrete,Detached,Low,2.07,0.43,Asphalt,1.44,5422519
4,103,76,1,Concrete,Detached,Medium,4.61,1.34,Gravel,1.88,900477
3,448,199,1,Mud&Wood,Condominium,Low,3.29,0.37,Asphalt,1.53,1398086
2,569,248,25,Mud&Wood,Detached,Low,0.54,2.34,Gravel,2.81,1165516
3,508,331,12,Mud&Wood,Semi-detached,Medium,4.74,0.54,Asphalt,0.41,2268626
3,496,298,23,Mud&Wood,Semi-detached,Low,1.37,0.71,Asphalt,1.6,903015
4,309,153,14,Mud&Wood,Semi-detached,Medium,1.75,1.08,Asphalt,2.12,1285190
4,260,111,1,Concrete,Detached,Low,2.07,1.02,Asphalt,2.42,1332190
5,115,49,6,Concrete,Detached,High,0.35,2.01,Asphalt,1.83,1840836
4,592,422,2,Concrete,Detached,Low,2.53,1.2,Asphalt,2.74,4998674
3,525,245,7,Mud&Wood,Semi-detached,Medium,0.7,0.51,Gravel,2.84,2152402
4,207,106,22,Concrete,Semi-detached,Medium,2.06,0.74,Asphalt,0.38,1396119
4,481,230,13,Mud&Wood,Detached,Low,1.82,1.32,Asphalt,1.33,1440648
4,549,287,23,Concrete,Semi-detached,Medium,3.89,0.45,Asphalt,0.27,2175278
4,410,173,22,Concrete,Condominium,Medium,4.04,1.57,Asphalt,1.12,1411586
4,326,189,21,Concrete,Detached,Medium,0.85,1.46,Asphalt,1.7,2434302
4,269,113,6,Concrete,Semi-detached,Low,1.9,1.82,Asphalt,2.75,1453168
4,133,90,20,Mud&Wood,Semi-detached,Medium,1.93,2.35,Asphalt,2.57,463710
2,513,247,6,Mud&Wood,Detached,High,0.84,2.29,Gravel,0.56,3795797
3,350,206,0,Concrete,Detached,Medium,4.01,2.37,Gravel,0.46,2770572
2,346,244,16,Concrete,Semi-detached,Medium,3.57,0.69,Asphalt,1.85,2710943
4,368,231,8,Concrete,Condominium,High,1.03,0.42,Asphalt,1.69,5328366
3,240,140,20,Concrete,Condominium,Medium,1.9,0.83,Gravel,0.95,1354014
4,373,191,12,Concrete,Semi-detached,Medium,0.62,2.25,Asphalt,2.72,2272492
5,515,266,20,Mud&Wood,Semi-detached,High,3.18,2.43,Asphalt,2.8,1543059
3,195,123,18,Concrete,Detached,Medium,0.69,2.16,Asphalt,1.33,1404340
4,326,243,20,Concrete,Semi-detached,Low,4.93,0.36,Asphalt,2.69,857242
4,478,301,18,Concrete,Semi-detached,High,3.93,2.37,Asphalt,1.28,2980485
3,138,82,24,Concrete,Detached,Medium,2.01,1.12,Asphalt,2.26,1001006
2,401,262,24,Concrete,Semi-detached,Medium,2.93,0.12,Asphalt,1.53,2449463
3,599,337,21,Concrete,Semi-detached,Medium,4.57,1.16,Asphalt,0.54,2680735
3,128,53,16,Concrete,Detached,Low,2.82,0.21,Gravel,2.8,400000
5,545,325,22,Concrete,Condominium,Medium,0.96,1.41,Asphalt,1.47,3794824
5,596,438,22,Concrete,Detached,Medium,1.96,0.91,Asphalt,2.26,4883269
4,576,265,9,Concrete,Detached,High,4.23,1.24,Asphalt,1.23,4408589
5,417,267,9,Concrete,Detached,Medium,3.26,1.57,Gravel,0.25,3109226
5,344,161,3,Mud&Wood,Condominium,Medium,3.29,2.19,Gravel,0.48,1356705
3,335,196,7,Concrete,Semi-detached,High,4.35,1.69,Gravel,1.59,2633016
5,284,123,21,Concrete,Detached,Medium,4.48,1.14,Asphalt,2.13,945728
4,371,206,19,Concrete,Semi-detached,Low,4.61,2.07,Gravel,1.14,673141
5,539,358,19,Concrete,Detached,Medium,0.56,2.27,Gravel,2.15,3470957
5,335,174,17,Concrete,Condominium,Medium,2.77,0.39,Asphalt,2.16,1534127
3,338,213,13,Mud&Wood,Semi-detached,Low,3.73,1.38,Asphalt,2.17,400000
3,476,322,17,Mud&Wood,Semi-detached,Low,3.81,0.78,Asphalt,1.58,1005837
3,365,264,13,Concrete,Condominium,Medium,3.07,0.21,Gravel,2.76,2358770
4,513,247,19,Concrete,Detached,Low,0.92,1.7,Asphalt,1.57,2278008
5,508,274,20,Concrete,Detached,Low,4.01,2.17,Asphalt,1.46,2074356
5,458,207,23,Mud&Wood,Semi-detached,Medium,3.63,0.49,Gravel,0.76,825495
2,439,328,14,Concrete,Condominium,Medium,0.52,2.05,Gravel,1.06,3712868
4,488,353,21,Concrete,Detached,Medium,2.37,2.15,Gravel,0.32,3481612
4,164,96,3,Concrete,Detached,Low,0.95,2.29,Gravel,1.97,587026
3,577,400,12,Concrete,Detached,Medium,1.75,0.74,Asphalt,0.9,6669449
3,276,160,22,Concrete,Semi-detached,High,0.19,2.27,Gravel,1.05,2392299
3,102,63,7,Concrete,Detached,Low,2.06,0.87,Asphalt,2.36,671017
5,528,227,17,Concrete,Semi-detached,Medium,2.79,1.43,Gravel,1.12,1972247
3,241,160,11,Mud&Wood,Condominium,High,3.14,0.22,Asphalt,0.88,1409038
4,475,211,22,Concrete,Semi-detached,Medium,3.35,0.21,Gravel,0.67,1796082
4,257,177,13,Concrete,Detached,Medium,4.2,1.83,Gravel,2.37,1163959
3,597,402,1,Mud&Wood,Semi-detached,Low,1.16,1.17,Gravel,0.56,3182506
6,423,274,17,Concrete,Detached,Medium,0.69,0.72,Asphalt,1.47,4370014
6,245,101,23,Concrete,Condominium,Low,4.27,0.56,Asphalt,1.62,417869
3,545,275,1,Concrete,Semi-detached,Medium,0.87,1.71,Gravel,2.12,5230748
4,392,192,10,Concrete,Detached,High,4.88,0.1,Asphalt,1.97,2821682
3,252,132,8,Mud&Wood,Semi-detached,Low,4.23,2.03,Gravel,2.47,400000
3,531,228,11,Concrete,Semi-detached,Medium,2.55,0.29,Asphalt,0.33,3613897
2,292,212,16,Concrete,Semi-detached,Medium,4.91,0.56,Gravel,1.03,1594405
4,536,318,14,Concrete,Detached,Medium,0.58,1.03,Asphalt,0.98,6182113
4,593,300,24,Concrete,Condominium,Low,1.59,1.26,Gravel,0.61,1716791
2,562,302,16,Mud&Wood,Condominium,Medium,3.23,0.95,Gravel,1.01,1556173
3,172,95,25,Concrete,Semi-detached,High,1.82,0.87,Asphalt,1.07,1283873
5,498,303,25,Concrete,Condominium,High,4.65,2.41,Asphalt,1.66,2073921
3,404,234,17,Mud&Wood,Detached,Medium,0.42,1.64,Asphalt,2.06,2108709
3,476,343,21,Concrete,Semi-detached,Low,2.79,0.16,Asphalt,1.27,2016370
4,443,254,5,Mud&Wood,Semi-detached,Medium,3.0,1.13,Asphalt,2.21,2826858
6,551,411,16,Mud&Wood,Semi-detached,Medium,3.3,2.2,Gravel,1.14,2114092
3,239,166,22,Mud&Wood,Semi-detached,High,1.35,0.82,Asphalt,1.01,1404054
4,286,135,23,Concrete,Detached,Medium,1.89,0.33,Asphalt,1.72,1691322
4,392,284,17,Concrete,Detached,Low,4.23,1.92,Asphalt,0.27,1510521
3,160,70,7,Mud&Wood,Detached,Medium,1.06,1.55,Asphalt,0.42,789088
4,584,400,8,Concrete,Detached,Low,4.15,1.47,Asphalt,1.37,2933938
3,526,280,5,Concrete,Semi-detached,Medium,2.86,0.23,Gravel,2.84,3453334
4,479,338,4,Mud&Wood,Detached,High,3.83,0.44,Gravel,2.22,2962171
4,297,209,11,Mud&Wood,Detached,Low,3.6,1.59,Asphalt,0.45,1191175
4,394,268,24,Concrete,Semi-detached,Medium,1.12,0.6,Asphalt,2.57,3102176
2,539,364,10,Concrete,Semi-detached,Low,2.89,1.31,Gravel,2.25,2214957
5,418,211,24,Concrete,Condominium,Low,4.35,1.41,Asphalt,1.91,873368
3,401,171,0,Mud&Wood,Semi-detached,High,2.22,0.78,Asphalt,2.5,2354545
3,443,239,10,Mud&Wood,Detached,High,4.84,2.38,Asphalt,1.33,1972504
2,110,50,18,Concrete,Condominium,Low,2.32,2.12,Asphalt,0.82,400000
4,161,103,8,Concrete,Semi-detached,Medium,0.8,1.83,Gravel,1.63,1685476
4,432,225,1,Mud&Wood,Detached,High,2.01,0.29,Gravel,1.74,2940754
2,325,240,11,Concrete,Semi-detached,High,4.76,0.35,Asphalt,1.71,3033556
4,252,157,3,Concrete,Condominium,High,1.67,1.28,Asphalt,1.78,3285600
3,298,204,3,Mud&Wood,Detached,Low,4.35,0.49,Gravel,2.86,964348
4,151,67,17,Concrete,Detached,High,4.42,2.45,Gravel,2.73,679203
3,359,251,14,Concrete,Detached,Medium,1.82,0.48,Gravel,2.65,3076440
4,158,114,18,Concrete,Detached,Medium,0.51,1.27,Gravel,2.44,1257254
3,171,97,12,Concrete,Semi-detached,Medium,3.65,0.97,Asphalt,2.84,400000
5,247,151,18,Mud&Wood,Semi-detached,High,1.63,1.63,Gravel,0.48,1287975
3,448,299,16,Concrete,Detached,Low,3.94,0.41,Gravel,0.94,2085954
3,162,74,5,Mud&Wood,Condominium,High,2.27,1.13,Asphalt,1.59,1564046
3,409,235,15,Concrete,Condominium,Low,2.48,0.76,Gravel,2.57,1227238
5,472,254,23,Concrete,Semi-detached,Low,3.91,2.23,Asphalt,1.61,984440
5,342,154,11,Concrete,Condominium,Medium,1.97,0.2,Asphalt,2.29,2186661
3,592,312,18,Concrete,Detached,Medium,2.27,2.29,Asphalt,0.59,3658466
4,465,197,4,Concrete,Semi-detached,Medium,1.94,2.1,Asphalt,0.91,3729097
5,429,175,16,Concrete,Semi-detached,Medium,1.9,0.81,Asphalt,2.25,1970713
4,206,92,25,Concrete,Condominium,Low,2.68,1.99,Asphalt,0.66,410098
4,325,239,22,Concrete,Condominium,Low,4.06,0.17,Asphalt,1.18,1473625
3,412,244,25,Mud&Wood,Detached,Medium,1.87,2.42,Asphalt,0.94,1519881
2,317,233,0,Mud&Wood,Condominium,Medium,2.67,1.36,Asphalt,1.18,2621990
5,524,288,24,Mud&Wood,Detached,Low,3.39,0.83,Asphalt,2.18,880658
5,340,173,23,Concrete,Condominium,Low,1.42,0.97,Gravel,1.23,1302075
4,358,206,22,Concrete,Condominium,Medium,1.46,0.26,Asphalt,1.75,1854629
3,475,263,9,Mud&Wood,Detached,Medium,4.67,2.47,Asphalt,0.48,1298009
3,361,157,14,Concrete,Semi-detached,Medium,3.65,0.19,Gravel,2.45,1683956
4,104,64,22,Concrete,Detached,Low,2.93,1.67,Gravel,1.24,400000
5,360,171,20,Mud&Wood,Semi-detached,High,3.27,1.16,Gravel,2.02,1217080
5,153,94,20,Mud&Wood,Semi-detached,Medium,0.24,2.38,Asphalt,2.23,706850
4,146,91,10,Concrete,Semi-detached,Medium,3.13,0.69,Asphalt,0.79,1278537
4,314,142,12,Concrete,Condominium,Medium,2.6,1.38,Gravel,2.68,878766
2,276,116,4,Mud&Wood,Semi-detached,Medium,2.77,1.26,Asphalt,1.93,1059789
3,108,72,0,Concrete,Semi-detached,Low,1.86,1.79,Asphalt,1.4,1281078
5,198,111,23,Mud&Wood,Condominium,High,0.5,0.26,Asphalt,0.71,1206363
4,119,50,11,Mud&Wood,Condominium,Medium,1.05,0.57,Gravel,2.84,526562
2,477,356,10,Mud&Wood,Detached,High,4.76,0.61,Asphalt,2.31,3228059
3,340,142,16,Concrete,Condominium,High,2.1,1.87,Gravel,0.78,1454526
4,160,102,3,Concrete,Detached,Medium,2.39,0.55,Gravel,1.15,1961044
2,478,355,14,Mud&Wood,Condominium,Medium,0.36,1.48,Asphalt,2.47,2866260
3,589,284,24,Concrete,Detached,Medium,0.28,0.62,Gravel,2.15,3191792
4,518,232,8,Mud&Wood,Detached,Medium,3.61,2.17,Gravel,2.34,1843987
4,277,122,20,Concrete,Semi-detached,High,2.74,2.36,Gravel,1.44,1331223
4,437,221,19,Concrete,Semi-detached,Medium,2.59,1.34,Asphalt,2.21,1991254
3,161,70,18,Mud&Wood,Detached,Low,1.29,0.95,Gravel,1.28,400000
4,244,156,18,Mud&Wood,Detached,Low,3.75,0.66,Asphalt,0.79,700021
3,315,132,11,Mud&Wood,Semi-detached,Medium,0.92,0.22,Gravel,1.97,1595652
3,102,58,4,Mud&Wood,Condominium,Medium,1.03,0.74,Asphalt,2.93,618465
4,259,193,9,Concrete,Detached,Low,2.36,1.67,Asphalt,1.07,2585024
4,326,223,16,Mud&Wood,Detached,High,1.5,1.38,Gravel,1.49,1790977
5,585,359,4,Mud&Wood,Semi-detached,Low,1.31,2.37,Gravel,2.09,1972654
4,368,186,21,Concrete,Detached,Low,3.26,1.05,Asphalt,1.72,1015084
4,219,135,15,Concrete,Condominium,High,3.29,1.77,Asphalt,2.56,1376340
2,480,280,6,Concrete,Condominium,High,4.14,1.27,Asphalt,2.33,3719302
3,594,326,8,Concrete,Semi-detached,Low,2.15,1.33,Gravel,0.36,2808999
3,188,83,2,Mud&Wood,Detached,Medium,0.46,0.74,Gravel,3.0,1425794
3,428,304,14,Concrete,Condominium,High,1.44,1.19,Gravel,2.31,4417442
6,167,93,15,Concrete,Semi-detached,Medium,4.9,1.23,Asphalt,2.62,806996
3,497,232,17,Concrete,Condominium,Medium,3.02,1.8,Asphalt,2.02,1854271
5,456,241,13,Concrete,Semi-detached,Medium,3.58,2.36,Gravel,2.6,1564960
4,197,107,2,Concrete,Condominium,Low,0.14,0.89,Gravel,0.51,1667660
4,366,252,11,Concrete,Semi-detached,Low,2.64,0.2,Asphalt,1.17,2588355
4,204,133,8,Mud&Wood,Semi-detached,Medium,0.28,1.29,Gravel,2.65,1175927
4,539,360,6,Concrete,Condominium,Medium,2.89,1.41,Asphalt,0.76,5129798
4,422,170,8,Concrete,Semi-detached,Medium,4.61,0.5,Asphalt,0.42,2355965
3,222,121,12,Concrete,Semi-detached,Medium,4.85,1.93,Asphalt,2.41,923716
4,575,326,17,Mud&Wood,Detached,High,2.75,2.46,Asphalt,2.54,2313538
3,128,52,4,Concrete,Semi-detached,Low,2.35,2.37,Asphalt,0.66,400000
2,236,115,12,Mud&Wood,Semi-detached,Low,4.73,0.57,Asphalt,2.59,482413
4,294,195,3,Mud&Wood,Detached,Medium,3.4,2.2,Asphalt,2.12,2191624
3,508,227,1,Mud&Wood,Detached,Medium,0.42,1.79,Gravel,1.66,2545023
5,325,190,15,Concrete,Semi-detached,Medium,2.38,1.19,Asphalt,2.52,2405372
6,431,204,8,Mud&Wood,Condominium,Medium,1.28,1.4,Asphalt,1.37,1772715
5,269,108,8,Concrete,Semi-detached,Medium,2.4,2.14,Asphalt,0.74,1443557
3,108,52,5,Mud&Wood,Detached,Medium,2.33,1.25,Asphalt,1.0,813888
2,562,416,10,Concrete,Semi-detached,Low,2.95,1.0,Gravel,1.61,2911914
5,139,94,21,Concrete,Detached,Medium,1.85,1.28,Asphalt,1.69,1168546
4,124,91,23,Concrete,Semi-detached,Medium,0.9,1.49,Gravel,2.46,857029
6,360,205,21,Concrete,Detached,Low,2.57,0.55,Gravel,2.42,1030543
6,494,216,0,Mud&Wood,Detached,High,4.17,2.26,Asphalt,1.83,2641932
5,542,320,3,Concrete,Detached,Medium,3.35,1.72,Asphalt,2.39,4654260
3,325,181,12,Concrete,Detached,Medium,1.76,1.62,Asphalt,0.74,2604536
3,571,397,22,Concrete,Detached,Medium,4.68,0.34,Asphalt,0.34,3405118
5,223,96,12,Mud&Wood,Detached,Low,4.57,1.55,Gravel,2.65,400000
3,562,320,12,Mud&Wood,Semi-detached,Medium,1.13,0.39,Asphalt,0.41,3661118
3,137,61,1,Mud&Wood,Semi-detached,Low,0.29,0.29,Asphalt,0.89,1036370
4,427,219,8,Mud&Wood,Detached,Medium,3.73,1.37,Asphalt,2.15,1384614
5,350,230,23,Concrete,Condominium,Medium,4.16,1.07,Asphalt,1.35,1711343
4,488,276,7,Concrete,Detached,Low,4.84,1.51,Asphalt,2.65,2010697
4,275,146,6,Mud&Wood,Semi-detached,Medium,4.46,0.31,Asphalt,1.03,970538
2,189,101,3,Concrete,Detached,Medium,3.04,1.13,Asphalt,0.23,2328909
4,501,280,17,Concrete,Detached,Medium,2.7,0.52,Asphalt,1.04,3650704
6,553,373,2,Concrete,Semi-detached,Medium,0.24,2.47,Gravel,1.82,6994719
3,136,96,5,Concrete,Semi-detached,High,1.31,1.45,Gravel,1.25,1600253
4,415,304,11,Concrete,Condominium,Medium,2.35,1.75,Asphalt,1.7,3461218
5,275,185,11,Mud&Wood,Semi-detached,Medium,3.18,0.88,Asphalt,2.65,1233258
4,560,285,20,Concrete,Condominium,Medium,2.83,0.33,Gravel,2.75,2027020
4,383,245,7,Concrete,Detached,Low,3.74,2.44,Asphalt,0.94,2261819
4,552,305,21,Concrete,Detached,Medium,1.47,0.79,Asphalt,1.49,4904633
3,560,273,21,Mud&Wood,Detached,Low,2.87,1.12,Asphalt,1.74,1230863
3,180,124,0,Concrete,Detached,High,0.53,1.66,Gravel,2.86,3200635
5,213,88,3,Mud&Wood,Semi-detached,Medium,2.13,0.16,Asphalt,3.0,667142
5,139,99,20,Mud&Wood,Semi-detached,Low,3.78,2.04,Gravel,0.86,400000
5,400,224,10,Concrete,Detached,Medium,3.5,1.39,Gravel,2.24,2511922
5,323,201,2,Mud&Wood,Condominium,Low,4.95,0.77,Gravel,1.26,636849
4,417,263,12,Mud&Wood,Condominium,Medium,1.46,0.25,Gravel,0.22,2824378
4,448,319,24,Mud&Wood,Detached,High,2.54,0.49,Asphalt,0.23,3228198
4,214,133,16,Mud&Wood,Detached,Medium,1.71,2.25,Asphalt,1.49,1112611
4,285,175,21,Concrete,Detached,Medium,2.26,1.75,Gravel,1.57,1626217
4,422,178,21,Concrete,Detached,Low,4.3,0.7,Gravel,0.26,1041132
4,155,90,9,Concrete,Detached,Medium,3.45,0.26,Asphalt,2.12,1103742
5,139,62,20,Concrete,Semi-detached,Low,4.42,1.76,Gravel,1.02,400000
3,453,298,11,Mud&Wood,Detached,Low,1.1,1.47,Asphalt,1.77,1929006
3,139,80,14,Concrete,Detached,Medium,4.38,1.07,Asphalt,1.04,850226
2,446,284,20,Mud&Wood,Condominium,Medium,0.39,0.97,Asphalt,0.67,2215374
4,560,232,9,Mud&Wood,Semi-detached,Low,4.45,0.62,Asphalt,1.34,740980
2,336,144,13,Mud&Wood,Condominium,Low,1.71,1.71,Asphalt,0.85,557759
4,388,252,12,Mud&Wood,Detached,Medium,1.64,2.43,Asphalt,1.7,2401790
4,361,153,4,Concrete,Detached,Medium,2.61,0.52,Asphalt,0.76,3297780
3,315,133,5,Concrete,Semi-detached,Medium,4.71,1.53,Asphalt,1.62,1517314
4,246,99,23,Concrete,Detached,Medium,0.33,1.12,Asphalt,0.64,1669432
2,435,319,1,Concrete,Detached,Medium,1.83,1.17,Gravel,2.08,5221931
2,267,175,21,Concrete,Semi-detached,Low,4.3,0.71,Asphalt,2.31,676088
5,191,100,16,Concrete,Semi-detached,High,2.04,2.08,Asphalt,0.51,1719128
3,452,227,3,Mud&Wood,Semi-detached,High,1.08,1.26,Asphalt,1.51,3570665
3,158,82,13,Concrete,Semi-detached,Medium,2.18,1.4,Asphalt,0.4,1194460
4,158,106,9,Concrete,Semi-detached,Medium,1.99,0.83,Gravel,1.87,1032601
4,403,254,2,Mud&Wood,Detached,Medium,4.59,0.54,Asphalt,0.94,1994476
3,268,124,24,Concrete,Detached,Medium,3.83,0.31,Gravel,1.68,1078329
4,368,169,2,Concrete,Detached,Medium,2.58,1.81,Asphalt,1.65,3257484
2,462,200,14,Mud&Wood,Detached,High,4.94,0.57,Asphalt,2.79,1278614
2,144,90,5,Concrete,Condominium,Medium,2.38,1.76,Asphalt,1.74,860585
4,444,296,16,Mud&Wood,Semi-detached,Low,0.39,1.04,Asphalt,1.83,1313398
4,280,137,11,Concrete,Semi-detached,Medium,1.39,1.1,Asphalt,1.32,2694950
4,269,109,21,Mud&Wood,Detached,Medium,2.24,1.23,Asphalt,2.86,693044
4,455,195,19,Concrete,Detached,Medium,0.87,0.98,Asphalt,2.38,2601440
6,290,214,23,Concrete,Detached,Low,4.74,0.34,Asphalt,1.0,1098465
4,254,127,10,Concrete,Detached,Medium,3.86,0.84,Gravel,2.56,747943
3,521,348,24,Mud&Wood,Detached,Medium,1.41,1.69,Asphalt,1.41,2507635
4,287,177,3,Concrete,Condominium,Low,2.99,1.7,Asphalt,2.52,1988115
3,106,56,25,Concrete,Semi-detached,Medium,3.64,0.79,Asphalt,2.5,400000
4,232,109,25,Mud&Wood,Semi-detached,High,4.71,1.2,Asphalt,0.73,1184572
2,334,147,5,Mud&Wood,Semi-detached,Medium,4.42,0.56,Asphalt,2.16,1048421
2,144,88,0,Concrete,Condominium,High,2.62,0.6,Gravel,1.01,2178861
6,413,277,19,Mud&Wood,Detached,Medium,3.9,0.16,Gravel,1.03,1551566
5,348,217,22,Concrete,Detached,Low,2.85,2.25,Asphalt,1.03,1436103
4,598,350,15,Concrete,Detached,Medium,2.81,0.61,Asphalt,2.23,4836885
4,130,53,14,Concrete,Condominium,Low,0.66,0.65,Asphalt,0.84,773122
3,122,90,16,Mud&Wood,Condominium,High,0.72,0.77,Gravel,0.2,1028379
3,525,356,7,Mud&Wood,Detached,Low,2.69,0.41,Asphalt,2.2,1868759
3,493,247,25,Concrete,Condominium,Medium,1.42,1.63,Asphalt,0.68,2001687
4,259,192,11,Concrete,Condominium,Medium,0.2,0.28,Asphalt,0.49,4038412
4,462,282,21,Concrete,Detached,High,3.64,0.42,Gravel,0.87,3588080
4,536,323,20,Mud&Wood,Detached,Low,0.26,1.65,Asphalt,1.26,2016199
3,257,170,9,Mud&Wood,Semi-detached,High,3.02,0.92,Asphalt,1.53,1699145
6,138,94,14,Concrete,Condominium,High,2.74,1.8,Gravel,0.32,679681
4,514,323,8,Mud&Wood,Detached,Medium,4.85,1.44,Asphalt,2.92,1721698
4,181,80,1,Mud&Wood,Condominium,Medium,2.47,0.71,Gravel,2.2,676298
4,455,235,4,Concrete,Detached,Medium,0.41,1.66,Asphalt,1.1,5550616
4,357,258,5,Concrete,Semi-detached,High,2.8,0.38,Gravel,1.09,4622245
3,305,145,6,Concrete,Semi-detached,Medium,4.22,1.39,Gravel,1.46,1399475
3,176,93,20,Mud&Wood,Semi-detached,Medium,4.98,1.15,Asphalt,1.95,745163
4,576,317,24,Mud&Wood,Condominium,Medium,2.21,0.74,Gravel,0.61,1678728
2,111,61,0,Concrete,Condominium,Medium,1.67,1.55,Asphalt,0.73,1274243
3,394,242,22,Mud&Wood,Condominium,Low,4.54,2.19,Gravel,2.61,470457
2,549,400,25,Concrete,Detached,Medium,1.04,2.5,Asphalt,0.92,4580562
2,323,156,6,Concrete,Semi-detached,Medium,3.12,1.56,Gravel,1.26,1762726
5,112,49,19,Mud&Wood,Detached,Medium,2.09,1.07,Asphalt,2.64,400000
4,145,68,24,Mud&Wood,Semi-detached,Low,0.3,0.64,Gravel,2.06,469994
4,254,180,11,Concrete,Semi-detached,Low,1.8,0.72,Asphalt,1.16,1879470
2,212,132,15,Concrete,Semi-detached,Low,1.4,1.25,Gravel,2.11,663685
4,332,166,15,Concrete,Semi-detached,Medium,3.46,0.98,Gravel,0.26,1946526
4,116,79,10,Concrete,Condominium,High,4.75,2.29,Asphalt,2.26,400000
3,459,321,20,Concrete,Detached,Medium,1.41,0.98,Gravel,1.56,3918379
4,322,224,3,Concrete,Semi-detached,Medium,4.08,1.0,Gravel,2.48,2464648
3,453,326,12,Mud&Wood,Detached,Medium,0.37,1.02,Asphalt,2.87,3272606
4,287,140,6,Concrete,Detached,Low,2.74,2.11,Asphalt,2.79,1277321
4,547,363,3,Mud&Wood,Detached,Low,0.45,1.66,Asphalt,2.75,3095206
2,443,248,14,Mud&Wood,Condominium,Low,4.68,1.57,Asphalt,1.63,961470
3,464,322,18,Concrete,Condominium,Medium,3.86,0.9,Asphalt,1.21,2934020
4,262,171,8,Concrete,Condominium,Medium,3.32,2.06,Asphalt,1.5,1963267
4,595,399,10,Mud&Wood,Condominium,Medium,4.14,0.19,Asphalt,2.13,2659237
5,425,267,7,Concrete,Detached,High,3.27,2.19,Asphalt,2.68,4318401
4,566,261,0,Mud&Wood,Detached,Low,4.85,1.33,Asphalt,0.78,2015244
3,513,303,22,Mud&Wood,Semi-detached,High,3.6,1.06,Gravel,2.77,1798392
2,554,412,24,Mud&Wood,Semi-detached,Medium,4.63,1.29,Gravel,2.48,1107690
4,173,125,23,Mud&Wood,Semi-detached,Medium,2.63,1.7,Asphalt,2.94,788089
2,332,137,7,Concrete,Detached,Medium,0.67,0.13,Gravel,2.66,2666565
4,323,147,12,Concrete,Semi-detached,Low,2.69,2.19,Gravel,0.98,896570
5,581,259,21,Concrete,Semi-detached,Medium,0.72,1.17,Gravel,0.5,2915089
4,418,273,3,Concrete,Detached,Low,3.0,0.92,Asphalt,0.51,3824060
3,511,350,7,Concrete,Semi-detached,Medium,2.46,0.43,Asphalt,1.02,5994351
4,159,75,2,Concrete,Semi-detached,Medium,3.15,1.15,Gravel,1.92,1018861
4,434,250,8,Mud&Wood,Semi-detached,Low,0.15,1.29,Gravel,2.45,1925460
4,321,222,1,Concrete,Detached,Medium,1.05,1.07,Gravel,2.72,4762213
5,136,89,1,Concrete,Semi-detached,Low,2.51,1.73,Gravel,1.95,675140
3,576,339,12,Concrete,Detached,Medium,4.76,1.11,Asphalt,0.22,3812311
6,377,228,14,Concrete,Detached,Medium,1.98,2.41,Asphalt,0.72,3152883
5,295,170,22,Concrete,Condominium,Medium,2.18,1.54,Asphalt,0.48,1663335
3,503,253,11,Concrete,Semi-detached,Low,3.6,2.04,Asphalt,1.22,1905281
2,451,269,25,Concrete,Detached,High,3.06,0.36,Gravel,1.6,2697918
3,583,373,3,Concrete,Semi-detached,Low,1.56,1.05,Asphalt,0.32,5145775
2,341,240,25,Mud&Wood,Semi-detached,Medium,2.11,0.91,Asphalt,1.18,1865354
2,423,263,7,Mud&Wood,Condominium,Medium,1.17,1.47,Gravel,0.7,2401592
4,318,211,8,Mud&Wood,Semi-detached,Medium,4.83,2.17,Asphalt,2.01,1040977
2,291,132,22,Concrete,Semi-detached,Medium,0.74,0.29,Gravel,1.5,1600892
3,116,65,4,Mud&Wood,Semi-detached,Medium,1.92,0.27,Gravel,1.59,1088111
5,111,44,23,Mud&Wood,Detached,Low,0.23,2.14,Asphalt,1.4,400000
2,505,245,19,Concrete,Detached,Medium,1.19,0.61,Asphalt,2.88,3341615
5,500,327,17,Mud&Wood,Semi-detached,Medium,3.92,1.71,Asphalt,0.8,1444707
3,493,368,10,Concrete,Semi-detached,Medium,1.09,1.4,Asphalt,1.65,6085373
3,473,205,14,Mud&Wood,Semi-detached,High,0.49,2.1,Asphalt,2.26,2500355
4,292,157,21,Mud&Wood,Detached,Medium,2.42,0.4,Asphalt,1.76,825889
4,121,82,8,Concrete,Detached,Medium,0.15,0.41,Gravel,2.8,1455483
5,573,270,16,Mud&Wood,Semi-detached,Medium,0.52,1.44,Asphalt,1.26,2718156
4,219,130,25,Concrete,Detached,High,4.06,2.37,Gravel,1.5,1115284
5,309,202,11,Mud&Wood,Semi-detached,Medium,3.88,1.1,Asphalt,0.45,1169259
3,405,249,6,Concrete,Detached,Medium,4.58,0.88,Asphalt,1.91,3212274
3,369,171,9,Mud&Wood,Semi-detached,Medium,4.29,1.56,Gravel,1.01,1061390
4,291,152,24,Concrete,Condominium,Medium,3.45,2.33,Asphalt,0.65,1066754
5,274,184,25,Concrete,Detached,High,0.36,2.11,Asphalt,1.72,3213570
6,384,228,24,Concrete,Semi-detached,Low,3.94,2.49,Gravel,1.69,644162
4,303,121,9,Mud&Wood,Detached,Low,4.24,0.15,Gravel,0.41,681504
3,263,175,12,Mud&Wood,Semi-detached,Low,4.02,0.37,Gravel,2.16,400000
4,350,144,18,Mud&Wood,Semi-detached,High,2.59,1.56,Asphalt,1.95,754130
3,326,215,10,Mud&Wood,Semi-detached,Low,1.24,2.07,Asphalt,0.73,1600819
5,535,251,12,Concrete,Semi-detached,Low,4.24,0.78,Gravel,1.51,1439803
5,480,352,20,Concrete,Condominium,Low,3.66,0.67,Gravel,2.22,1377054
4,559,295,7,Concrete,Detached,High,4.91,1.99,Asphalt,1.68,3886766
4,106,54,7,Concrete,Detached,Medium,0.86,0.24,Gravel,1.31,1257281
4,128,57,3,Concrete,Condominium,Low,1.21,0.99,Asphalt,1.1,400000
3,494,250,14,Concrete,Semi-detached,Medium,1.14,1.31,Asphalt,1.91,3860030
5,132,93,10,Concrete,Condominium,Medium,3.98,1.44,Asphalt,2.83,932871
4,233,174,10,Concrete,Semi-detached,Medium,1.02,1.85,Asphalt,2.08,2334555
5,466,246,0,Concrete,Condominium,Medium,0.43,0.95,Asphalt,0.41,6396969
3,178,99,16,Concrete,Semi-detached,High,4.99,1.57,Asphalt,1.49,1678711
5,515,336,14,Mud&Wood,Semi-detached,Medium,0.22,1.5,Asphalt,2.69,3376193
3,534,379,19,Mud&Wood,Condominium,High,4.19,1.41,Gravel,0.46,1754453
2,558,339,5,Mud&Wood,Semi-detached,Medium,1.89,1.64,Gravel,2.97,2681644
5,157,84,23,Concrete,Detached,Medium,4.22,0.72,Gravel,2.86,400000
2,570,310,21,Concrete,Detached,Medium,2.82,0.3,Gravel,0.42,2808803
3,125,80,24,Mud&Wood,Detached,High,4.52,0.39,Asphalt,2.81,444333
6,581,233,14,Concrete,Detached,Medium,4.64,0.64,Asphalt,1.22,2603819
6,529,326,8,Concrete,Detached,Low,0.14,1.3,Gravel,2.57,3917637
4,325,170,13,Concrete,Semi-detached,High,0.47,2.12,Asphalt,1.37,3799954
4,384,260,17,Concrete,Semi-detached,High,1.33,1.78,Asphalt,1.43,4533492
4,103,44,25,Concrete,Semi-detached,High,3.38,1.99,Asphalt,1.98,400000
3,564,341,16,Concrete,Semi-detached,Low,4.45,0.94,Gravel,2.37,1524627
3,198,112,17,Mud&Wood,Detached,Medium,2.35,1.07,Asphalt,0.29,1186239
4,496,309,4,Concrete,Detached,Medium,3.07,1.04,Gravel,1.86,4275792
4,588,248,19,Concrete,Detached,High,1.02,0.56,Asphalt,0.72,5476942
4,138,83,19,Mud&Wood,Semi-detached,Medium,4.04,0.25,Gravel,1.17,469067
4,370,220,8,Concrete,Detached,Low,4.84,1.52,Gravel,1.17,1433744
2,474,282,10,Concrete,Detached,Low,1.42,2.47,Gravel,1.51,1927847
4,384,234,23,Mud&Wood,Semi-detached,Medium,2.52,0.5,Asphalt,1.14,1740016
2,256,163,21,Concrete,Condominium,High,0.52,0.21,Asphalt,0.5,3128484
4,174,118,0,Concrete,Detached,High,2.84,1.97,Gravel,0.61,2672514
4,471,232,17,Concrete,Semi-detached,High,2.56,0.71,Asphalt,0.29,3411650
5,387,266,5,Concrete,Semi-detached,Medium,0.81,2.09,Asphalt,1.52,5465446
3,229,131,1,Concrete,Condominium,High,2.27,1.79,Asphalt,2.87,2224403
3,274,116,14,Mud&Wood,Condominium,Medium,1.74,2.37,Gravel,0.52,1319273
3,561,235,25,Concrete,Detached,Medium,2.66,1.08,Asphalt,2.85,2550518
4,183,94,20,Concrete,Detached,Low,2.97,1.69,Gravel,2.25,400000
4,121,81,13,Concrete,Condominium,Medium,0.14,1.22,Asphalt,1.98,1475888
3,558,361,4,Concrete,Semi-detached,Low,3.83,1.61,Asphalt,2.01,2764113
2,126,85,5,Concrete,Semi-detached,Low,3.59,1.18,Gravel,2.51,426346
4,294,170,5,Concrete,Semi-detached,High,1.89,0.55,Asphalt,0.5,4471274
2,436,241,21,Concrete,Semi-detached,Low,0.36,1.32,Asphalt,1.61,2276085
5,481,217,17,Concrete,Condominium,Medium,3.8,1.37,Gravel,2.15,1469072
4,335,172,13,Concrete,Condominium,Medium,4.78,2.05,Gravel,1.84,725159
2,539,297,9,Concrete,Semi-detached,Medium,1.28,1.87,Asphalt,2.53,4505990
2,191,82,13,Mud&Wood,Detached,Low,1.69,1.69,Gravel,0.4,400000
6,576,274,12,Concrete,Condominium,Medium,1.0,0.37,Gravel,2.13,2972542
3,120,73,2,Concrete,Detached,Medium,2.93,1.83,Gravel,1.7,892176
3,402,264,5,Concrete,Detached,Low,0.86,1.3,Asphalt,1.26,4426684
5,563,421,7,Mud&Wood,Condominium,High,1.85,2.25,Asphalt,1.15,4627163
5,456,331,11,Concrete,Detached,Medium,3.52,2.31,Gravel,1.94,2505952
6,542,338,12,Mud&Wood,Detached,Low,2.84,0.23,Gravel,2.69,1709068
4,183,100,10,Mud&Wood,Detached,Low,1.99,2.07,Asphalt,1.59,400000
3,361,224,11,Mud&Wood,Condominium,Low,2.16,0.19,Asphalt,2.51,1226115
2,246,166,0,Concrete,Semi-detached,Low,2.85,0.98,Asphalt,1.33,1994475
4,540,238,16,Concrete,Semi-detached,High,0.13,1.4,Asphalt,0.49,6019901
4,552,299,15,Mud&Wood,Detached,Low,0.48,0.46,Asphalt,0.37,2453057
4,486,337,10,Mud&Wood,Condominium,Medium,4.42,1.89,Asphalt,0.34,1662971
5,356,190,12,Mud&Wood,Condominium,Medium,0.48,0.12,Gravel,1.26,1577625
3,157,94,17,Concrete,Detached,High,3.56,0.5,Asphalt,1.14,1144869
4,479,290,10,Concrete,Semi-detached,Medium,4.61,1.49,Gravel,2.21,2149572
2,521,242,11,Concrete,Detached,Low,1.43,1.81,Asphalt,2.28,2912376
4,114,60,5,Mud&Wood,Condominium,Low,1.92,2.3,Asphalt,0.34,687734
2,261,134,8,Concrete,Semi-detached,Medium,2.89,1.79,Asphalt,0.82,2364350
3,544,222,15,Concrete,Condominium,High,4.42,1.71,Asphalt,0.97,2497434
3,262,107,3,Mud&Wood,Detached,Medium,4.72,1.05,Gravel,1.73,739927
4,419,289,2,Concrete,Condominium,Low,3.72,0.1,Gravel,0.6,2260950
4,596,295,15,Mud&Wood,Condominium,Low,0.52,0.39,Asphalt,0.58,2070398
4,380,220,23,Concrete,Semi-detached,Medium,3.38,1.38,Asphalt,2.84,1565229
6,379,191,25,Concrete,Condominium,High,2.11,1.72,Asphalt,2.45,2096205
3,111,80,24,Concrete,Detached,Medium,2.41,1.1,Gravel,0.71,432810
3,373,183,11,Mud&Wood,Detached,Medium,0.34,1.85,Gravel,1.34,1751537
5,370,203,10,Concrete,Semi-detached,Low,1.04,1.35,Asphalt,1.2,1967297
3,591,416,4,Concrete,Semi-detached,Medium,3.97,0.28,Gravel,2.41,4705085
6,307,213,24,Mud&Wood,Semi-detached,Medium,2.32,0.56,Gravel,1.63,1201772
2,126,58,17,Concrete,Detached,Medium,1.58,2.12,Asphalt,0.56,401968
6,171,116,18,Concrete,Semi-detached,High,1.98,1.84,Asphalt,2.27,1274761
2,159,89,22,Concrete,Detached,Low,4.29,2.25,Gravel,1.31,400000
5,529,301,22,Concrete,Semi-detached,Medium,3.77,0.38,Gravel,0.94,2193093
4,572,255,5,Concrete,Semi-detached,Medium,1.43,2.48,Asphalt,1.25,3982021
6,244,104,21,Concrete,Semi-detached,Medium,0.68,0.6,Asphalt,1.59,1781991
2,192,125,17,Concrete,Detached,Medium,1.33,0.13,Asphalt,1.16,2206911
4,408,234,25,Concrete,Semi-detached,Medium,4.61,2.49,Asphalt,0.88,1542870
6,107,59,5,Mud&Wood,Detached,Low,2.95,0.77,Gravel,1.32,400000
4,178,116,3,Concrete,Detached,Medium,2.71,1.7,Asphalt,0.25,2536356
4,126,84,11,Concrete,Condominium,Medium,3.02,0.52,Gravel,2.36,935625
4,273,124,18,Concrete,Condominium,High,1.89,1.49,Gravel,0.68,1347081
4,149,91,1,Concrete,Detached,Medium,4.05,2.27,Asphalt,0.32,1031281
4,599,267,16,Concrete,Condominium,High,2.66,0.87,Asphalt,2.03,3590226
4,298,197,10,Concrete,Condominium,Medium,0.67,1.71,Asphalt,2.37,2768696
5,486,306,10,Mud&Wood,Condominium,Low,0.73,0.55,Gravel,2.48,1511176
2,448,329,20,Concrete,Detached,Low,2.73,1.6,Asphalt,1.58,2101005
3,547,232,15,Mud&Wood,Condominium,Medium,4.69,0.91,Gravel,0.78,1147481
6,527,221,1,Mud&Wood,Detached,Medium,1.61,0.61,Gravel,2.26,1813675
5,280,139,1,Concrete,Detached,High,4.36,0.85,Asphalt,2.16,3099400
4,123,60,22,Concrete,Detached,Medium,3.84,0.53,Gravel,0.89,727355
4,415,201,7,Concrete,Semi-detached,Low,1.31,2.26,Gravel,2.73,1673189
3,477,342,12,Mud&Wood,Detached,Medium,0.28,1.05,Asphalt,0.49,4473021
3,486,236,9,Concrete,Detached,Medium,0.6,0.69,Asphalt,2.95,4877404
4,503,249,7,Concrete,Detached,Low,3.67,1.18,Gravel,2.61,1728025
3,145,96,3,Concrete,Condominium,Low,1.08,0.87,Gravel,2.13,917374
4,114,63,14,Mud&Wood,Condominium,Medium,1.92,1.89,Asphalt,2.83,670240
2,252,169,0,Mud&Wood,Detached,Medium,2.56,2.43,Asphalt,2.22,2244421
6,321,135,10,Concrete,Condominium,High,3.65,1.15,Asphalt,0.73,1788000
6,305,174,6,Mud&Wood,Condominium,High,0.65,2.17,Gravel,1.44,2046386
4,554,228,16,Concrete,Condominium,Low,2.09,1.46,Asphalt,0.4,1532095
4,372,156,19,Concrete,Detached,Low,2.48,0.48,Asphalt,1.29,1449011
3,481,344,23,Mud&Wood,Semi-detached,Low,2.75,1.76,Gravel,2.28,711058
5,335,150,17,Concrete,Condominium,High,4.11,1.33,Asphalt,1.28,1908480
4,439,257,21,Concrete,Semi-detached,Low,0.94,1.66,Gravel,1.12,1713722
3,327,177,21,Concrete,Detached,Medium,4.06,2.24,Asphalt,1.87,1352093
5,108,56,11,Mud&Wood,Semi-detached,Medium,3.5,1.16,Gravel,2.64,700087
5,265,189,8,Mud&Wood,Semi-detached,Medium,2.82,2.26,Asphalt,0.33,1388134
5,531,216,4,Concrete,Semi-detached,High,3.53,1.9,Gravel,1.28,3355322
4,543,343,9,Mud&Wood,Detached,Low,2.12,1.27,Gravel,0.64,1820928
4,418,308,3,Concrete,Detached,Medium,0.78,1.55,Asphalt,2.15,7156685
4,313,186,4,Concrete,Condominium,High,3.36,0.88,Asphalt,0.5,4111323
5,216,157,9,Concrete,Condominium,High,2.67,2.46,Asphalt,2.06,2159307
5,485,202,10,Concrete,Detached,High,3.23,1.7,Asphalt,1.0,3081557
2,443,242,20,Concrete,Condominium,High,1.76,0.21,Gravel,0.76,3046410
2,171,83,23,Mud&Wood,Detached,Medium,4.54,0.88,Gravel,2.82,894715
3,494,323,9,Concrete,Semi-detached,Low,2.98,1.6,Asphalt,0.25,2896261
5,163,121,7,Concrete,Condominium,High,0.52,0.24,Gravel,1.43,3147230
6,304,148,1,Concrete,Condominium,High,2.3,0.16,Gravel,0.26,3200237
3,308,193,22,Concrete,Condominium,Medium,3.81,1.18,Gravel,1.55,976788
4,171,80,7,Mud&Wood,Detached,Low,3.99,0.9,Asphalt,1.6,629749
3,376,224,15,Concrete,Condominium,Medium,2.52,1.15,Asphalt,1.1,2667440
6,373,209,21,Concrete,Detached,Medium,4.48,0.73,Asphalt,0.57,2127738
5,577,427,4,Mud&Wood,Semi-detached,Medium,1.41,0.5,Asphalt,1.25,5485703
5,419,256,24,Concrete,Semi-detached,Medium,2.11,1.75,Asphalt,2.08,2492935
4,437,228,2,Concrete,Semi-detached,High,4.5,1.33,Asphalt,2.39,3888990
4,465,204,11,Concrete,Detached,Low,4.49,0.58,Asphalt,1.69,1846959
3,594,269,12,Concrete,Condominium,Medium,3.46,0.87,Gravel,1.85,2109340
2,194,92,12,Mud&Wood,Detached,Medium,4.31,1.52,Asphalt,0.76,877286
5,265,129,9,Mud&Wood,Detached,Low,0.53,0.27,Asphalt,1.0,1108400
5,131,91,3,Concrete,Semi-detached,Medium,4.34,0.45,Asphalt,0.65,1324118
6,110,65,8,Mud&Wood,Semi-detached,Medium,1.67,0.28,Asphalt,0.9,704625
6,400,233,21,Concrete,Condominium,Medium,0.97,2.05,Asphalt,0.83,2313254
4,316,139,23,Concrete,Detached,High,1.27,1.91,Asphalt,1.65,1676354
4,388,272,22,Concrete,Detached,High,2.15,1.91,Asphalt,1.78,4000833
5,201,131,1,Concrete,Condominium,Medium,1.33,1.82,Asphalt,2.85,1991654
5,524,222,18,Concrete,Semi-detached,Low,1.67,1.71,Asphalt,0.75,1779776
3,491,318,0,Concrete,Detached,Low,0.76,1.24,Asphalt,2.0,5218827
4,366,216,24,Mud&Wood,Semi-detached,Medium,1.55,1.64,Gravel,2.49,921363
3,313,134,6,Concrete,Semi-detached,High,2.9,0.19,Asphalt,1.77,2721859
6,278,155,16,Concrete,Semi-detached,High,2.27,1.59,Asphalt,0.91,2820581
4,187,106,2,Concrete,Semi-detached,Low,1.8,1.97,Asphalt,0.94,1194394
3,140,64,19,Concrete,Condominium,Medium,3.76,1.3,Asphalt,0.31,981759
4,500,365,19,Concrete,Condominium,Medium,4.48,0.96,Asphalt,1.06,3045295
4,175,122,20,Concrete,Semi-detached,Low,3.81,0.77,Asphalt,2.28,555394
3,476,301,2,Mud&Wood,Detached,Low,1.73,1.64,Gravel,0.33,2324999
3,145,81,2,Concrete,Condominium,Low,3.75,1.76,Asphalt,0.81,843662
4,259,140,16,Concrete,Semi-detached,High,0.84,2.19,Asphalt,2.18,2590003
4,562,352,6,Concrete,Semi-detached,Low,0.74,0.92,Gravel,2.39,3981459
4,179,105,25,Concrete,Detached,Low,1.79,1.95,Gravel,1.47,620481
4,409,172,13,Concrete,Condominium,Medium,4.06,1.45,Asphalt,2.15,1207968
5,185,107,16,Mud&Wood,Semi-detached,Medium,1.31,2.22,Asphalt,1.29,977887
4,191,130,17,Concrete,Detached,Medium,0.41,1.37,Asphalt,0.65,2248136
4,247,138,12,Concrete,Semi-detached,Low,0.75,1.34,Asphalt,1.31,868046
5,260,108,19,Concrete,Condominium,High,4.31,1.49,Asphalt,1.82,1094067
4,301,203,19,Concrete,Detached,Medium,3.21,1.9,Asphalt,2.85,1589502
3,523,246,20,Concrete,Condominium,High,1.34,2.42,Gravel,0.39,2759599
2,515,252,17,Mud&Wood,Semi-detached,Low,2.82,0.28,Asphalt,1.62,1175282
4,341,156,3,Concrete,Semi-detached,High,2.69,0.23,Asphalt,1.12,3546180
4,452,233,0,Mud&Wood,Detached,Medium,3.31,2.35,Asphalt,1.62,2276176
4,101,67,17,Concrete,Detached,Medium,1.24,1.37,Gravel,0.27,805619
3,324,188,0,Mud&Wood,Condominium,Low,4.34,1.58,Asphalt,1.08,744929
3,388,183,25,Concrete,Detached,Medium,1.62,1.26,Gravel,2.5,1532778
2,332,234,25,Mud&Wood,Condominium,High,3.5,0.32,Asphalt,1.75,957182
3,560,396,12,Concrete,Detached,Low,0.18,1.94,Asphalt,1.46,5003440
4,513,361,19,Mud&Wood,Detached,Medium,1.93,1.89,Asphalt,1.0,2777771
3,516,249,19,Concrete,Detached,Low,1.82,0.85,Asphalt,1.03,2368312
4,176,98,22,Concrete,Semi-detached,High,2.76,0.83,Asphalt,1.27,1481784
5,215,160,9,Concrete,Condominium,Medium,0.46,2.11,Asphalt,2.54,2654314
3,253,169,10,Mud&Wood,Detached,Medium,3.97,0.27,Asphalt,2.91,1191114
4,505,206,8,Concrete,Detached,High,1.17,2.21,Gravel,1.43,4299200
4,202,85,8,Mud&Wood,Detached,Medium,3.42,0.72,Asphalt,1.3,743642
3,293,164,4,Concrete,Semi-detached,Medium,4.04,1.52,Asphalt,2.57,1748553
4,265,190,25,Concrete,Semi-detached,Low,2.85,2.35,Asphalt,1.4,857672
5,458,269,0,Concrete,Condominium,Medium,3.73,1.73,Gravel,1.75,2951814
5,189,108,16,Mud&Wood,Semi-detached,Medium,3.34,1.09,Gravel,0.85,847965
3,273,119,21,Mud&Wood,Semi-detached,Medium,1.84,1.75,Asphalt,2.28,699084
5,221,139,1,Mud&Wood,Detached,Low,4.06,0.93,Asphalt,1.69,718032
4,597,410,23,Concrete,Condominium,Medium,1.54,0.77,Asphalt,2.47,4250426
3,242,129,12,Concrete,Detached,Medium,2.9,2.49,Gravel,2.39,806301
4,581,390,8,Mud&Wood,Detached,Medium,3.75,1.9,Gravel,0.8,2357455
6,205,151,3,Concrete,Semi-detached,Medium,1.96,1.65,Asphalt,2.2,2758350
4,474,223,4,Mud&Wood,Semi-detached,Medium,1.58,0.95,Asphalt,2.44,2866714
3,527,307,10,Mud&Wood,Semi-detached,Low,2.35,0.22,Asphalt,1.17,2094351
4,404,202,23,Mud&Wood,Semi-detached,Medium,4.11,0.17,Asphalt,0.68,1120771
3,459,310,18,Mud&Wood,Condominium,Low,4.66,1.43,Gravel,0.21,713112
2,558,336,20,Concrete,Detached,High,2.77,1.93,Asphalt,1.46,4653714
3,416,258,2,Concrete,Condominium,Medium,3.34,1.39,Asphalt,1.19,3684524
3,550,373,11,Mud&Wood,Semi-detached,Low,4.53,2.12,Gravel,1.75,895917
3,222,119,25,Concrete,Semi-detached,High,0.58,0.18,Gravel,0.73,1726923
3,489,352,18,Mud&Wood,Semi-detached,Low,1.24,0.98,Asphalt,2.61,1521111
4,108,63,18,Mud&Wood,Detached,Medium,3.57,0.67,Gravel,0.92,400000
3,361,164,12,Concrete,Condominium,Low,4.14,1.17,Asphalt,0.83,1110121
3,172,110,6,Mud&Wood,Semi-detached,Medium,4.3,0.27,Gravel,1.55,1113678
5,458,310,14,Concrete,Detached,Medium,2.13,2.39,Gravel,1.6,3032866
4,322,164,22,Concrete,Semi-detached,High,0.54,0.64,Asphalt,0.8,3134120
4,515,360,6,Concrete,Condominium,Medium,2.25,2.31,Gravel,0.96,4361376
3,140,100,25,Concrete,Semi-detached,High,1.23,1.12,Gravel,0.68,1708495
3,469,233,7,Concrete,Condominium,High,1.53,2.47,Asphalt,2.21,4229772
2,303,225,4,Concrete,Detached,High,3.88,1.43,Asphalt,2.36,3984541
3,363,163,20,Mud&Wood,Detached,Medium,0.47,2.33,Gravel,1.49,972963
3,427,200,13,Mud&Wood,Detached,Low,4.16,0.11,Asphalt,2.2,453191
3,277,128,3,Concrete,Semi-detached,High,2.2,1.9,Asphalt,2.26,2452548
2,447,318,22,Concrete,Detached,High,3.02,2.27,Gravel,0.59,3314984
3,417,262,9,Mud&Wood,Detached,Medium,0.54,0.44,Gravel,2.91,2562564
4,183,82,19,Concrete,Condominium,High,1.75,0.33,Asphalt,2.5,1336330
3,417,231,14,Concrete,Condominium,High,0.54,1.12,Asphalt,0.77,4869321
3,210,129,17,Concrete,Semi-detached,High,4.81,2.34,Asphalt,0.72,1117386
4,350,150,19,Concrete,Detached,Low,4.06,1.4,Asphalt,0.55,1056778
4,482,341,12,Concrete,Detached,Low,2.35,1.37,Asphalt,0.59,4146507
2,106,72,7,Mud&Wood,Detached,Medium,1.2,0.44,Gravel,2.29,644547
4,558,321,8,Concrete,Semi-detached,Medium,4.67,0.1,Asphalt,1.52,3840429
4,183,135,15,Concrete,Condominium,Medium,1.79,2.04,Asphalt,2.39,1600815
2,307,167,18,Concrete,Semi-detached,Medium,0.89,0.31,Asphalt,2.29,2239317
5,487,362,15,Concrete,Detached,Medium,2.86,1.62,Gravel,1.89,3729186
5,489,309,6,Mud&Wood,Semi-detached,Medium,4.72,2.3,Asphalt,2.12,1377277
2,413,256,13,Mud&Wood,Detached,Medium,0.12,0.6,Asphalt,0.25,3476278
3,121,55,13,Mud&Wood,Detached,High,1.27,1.7,Asphalt,1.07,646297
5,509,360,24,Concrete,Semi-detached,Medium,4.7,0.29,Asphalt,1.99,2524914
4,482,264,3,Mud&Wood,Semi-detached,Low,0.94,1.55,Asphalt,0.23,1950694
3,102,46,25,Mud&Wood,Detached,Medium,0.65,0.49,Asphalt,0.29,755199
3,226,91,14,Mud&Wood,Detached,Low,2.89,1.87,Asphalt,2.59,500301
3,396,235,2,Concrete,Condominium,Low,4.32,0.82,Asphalt,2.12,2161338
4,287,167,4,Concrete,Detached,High,2.44,1.21,Asphalt,0.94,4674300
4,461,300,0,Concrete,Detached,Medium,4.97,1.54,Asphalt,2.13,3720121
3,113,80,2,Mud&Wood,Detached,Medium,3.43,0.51,Asphalt,2.42,400000
4,558,238,14,Concrete,Detached,Low,0.46,1.88,Asphalt,1.06,3096521
4,565,370,23,Concrete,Detached,Low,4.96,0.83,Asphalt,0.3,1932342
2,111,51,7,Mud&Wood,Condominium,Medium,2.1,1.69,Asphalt,2.81,400000
3,186,130,3,Mud&Wood,Detached,Medium,1.51,0.48,Gravel,1.17,1676732
4,111,76,1,Mud&Wood,Semi-detached,Low,2.83,1.75,Asphalt,0.5,1154880
5,496,292,23,Concrete,Semi-detached,High,1.59,0.41,Asphalt,1.58,4483107
4,124,80,23,Mud&Wood,Semi-detached,Low,0.52,1.12,Asphalt,2.35,618575
4,400,204,9,Concrete,Condominium,Low,0.11,0.69,Gravel,0.82,2042810
3,342,193,3,Concrete,Condominium,Medium,2.3,1.9,Gravel,0.95,2033143
4,221,151,2,Concrete,Detached,Medium,4.2,0.73,Asphalt,0.88,2718883
4,246,137,1,Concrete,Condominium,Medium,2.9,2.22,Asphalt,2.98,1838922
3,154,80,24,Concrete,Semi-detached,Medium,5.0,2.24,Asphalt,0.75,400000
3,337,193,16,Mud&Wood,Condominium,Medium,1.51,0.57,Asphalt,1.81,1890930
3,455,313,22,Concrete,Semi-detached,Low,1.47,1.57,Asphalt,2.79,1606263
2,272,140,20,Mud&Wood,Condominium,Low,0.88,0.31,Gravel,0.61,400000
3,491,226,23,Concrete,Condominium,Low,0.9,1.04,Asphalt,2.92,1340528
3,320,207,19,Concrete,Detached,High,1.5,1.81,Gravel,2.85,2481657
3,218,150,22,Concrete,Semi-detached,Low,3.98,1.68,Asphalt,2.68,1038383
3,408,177,12,Concrete,Condominium,Low,4.54,1.6,Gravel,0.8,866792
5,282,136,4,Concrete,Condominium,Medium,4.88,0.78,Gravel,1.98,1127522
4,387,174,20,Concrete,Detached,High,1.24,1.01,Asphalt,2.33,2693741
4,406,211,8,Concrete,Semi-detached,Medium,4.42,0.35,Asphalt,2.96,2530991
4,399,222,24,Concrete,Detached,Low,1.71,1.83,Asphalt,0.71,1381928
4,181,119,24,Concrete,Detached,Medium,0.65,1.31,Asphalt,2.34,1130786
2,553,347,21,Mud&Wood,Semi-detached,Low,4.36,1.8,Asphalt,1.15,914148
4,501,309,5,Concrete,Detached,Medium,3.22,0.7,Asphalt,0.69,5537955
4,310,162,4,Mud&Wood,Condominium,Low,0.91,0.88,Asphalt,1.38,1109695
4,249,172,24,Mud&Wood,Detached,High,2.21,0.9,Gravel,2.42,1301140
4,136,76,9,Mud&Wood,Condominium,Medium,1.51,0.16,Asphalt,1.5,688773
3,451,334,7,Mud&Wood,Detached,Medium,3.71,0.92,Gravel,1.71,2564225
3,411,255,6,Concrete,Detached,High,2.32,2.03,Asphalt,2.99,5017734
3,460,204,6,Mud&Wood,Detached,Low,4.95,2.25,Gravel,1.32,1171698
4,158,100,5,Mud&Wood,Detached,Medium,0.37,1.34,Asphalt,1.92,1279575
4,230,118,20,Concrete,Detached,Medium,1.84,1.19,Asphalt,1.22,1711986
3,511,327,19,Concrete,Detached,Medium,2.46,0.17,Gravel,1.3,3068949
6,301,127,2,Concrete,Semi-detached,Medium,2.57,2.21,Asphalt,2.15,2627175
4,342,157,18,Mud&Wood,Detached,High,1.65,0.13,Gravel,2.83,1595761
3,134,93,21,Mud&Wood,Semi-detached,High,3.67,2.37,Asphalt,1.72,470241
3,544,260,14,Concrete,Detached,Low,4.39,1.27,Asphalt,2.35,1567956
3,192,133,3,Concrete,Condominium,Medium,4.7,0.92,Asphalt,0.45,1594903
3,537,267,11,Concrete,Condominium,Low,4.04,2.32,Gravel,0.79,1792055
3,546,341,5,Concrete,Semi-detached,Low,4.27,0.16,Asphalt,1.61,3318598
3,306,196,18,Mud&Wood,Detached,Medium,2.8,1.5,Gravel,0.26,1069102
3,452,261,3,Concrete,Detached,Medium,4.15,1.42,Gravel,0.91,2899275
3,490,248,14,Concrete,Condominium,Medium,1.59,0.63,Asphalt,1.65,3613429
5,431,204,8,Concrete,Detached,Low,2.05,1.13,Asphalt,0.24,2823954
2,404,166,4,Mud&Wood,Detached,Low,1.65,1.67,Gravel,0.94,1297129
4,449,227,12,Concrete,Detached,Medium,2.39,1.85,Asphalt,1.64,3041712
4,312,196,22,Mud&Wood,Detached,Low,1.5,0.1,Asphalt,1.8,977291
6,258,187,25,Concrete,Detached,High,4.81,2.35,Asphalt,2.79,1794730
3,541,381,17,Concrete,Condominium,Low,1.63,0.49,Asphalt,2.01,3478346
3,544,363,4,Concrete,Detached,Low,0.58,0.66,Asphalt,1.36,6427854
6,123,83,24,Concrete,Semi-detached,High,2.68,0.73,Asphalt,2.8,1169482
5,503,318,15,Concrete,Detached,Medium,0.38,0.19,Gravel,2.4,4875471
5,392,192,18,Mud&Wood,Detached,High,0.64,0.4,Asphalt,0.76,2448175
3,103,73,13,Mud&Wood,Condominium,Medium,1.18,2.47,Asphalt,0.57,400000
3,319,202,24,Mud&Wood,Detached,Low,2.38,0.86,Gravel,2.09,950520
4,463,276,15,Concrete,Condominium,Medium,2.22,0.38,Gravel,1.77,3022241
5,481,211,14,Mud&Wood,Semi-detached,High,4.02,0.36,Gravel,2.41,1632761
4,119,66,21,Concrete,Detached,Medium,3.72,1.83,Asphalt,2.27,616709
4,543,304,3,Concrete,Condominium,Low,2.19,2.15,Gravel,1.95,2633300
3,251,176,6,Concrete,Detached,Medium,1.74,0.72,Asphalt,2.96,3143998
4,149,88,15,Concrete,Condominium,Medium,1.65,0.15,Asphalt,1.69,1336686
3,276,147,23,Mud&Wood,Detached,High,3.89,0.64,Asphalt,0.52,1072993
3,534,396,21,Concrete,Condominium,Low,0.36,0.24,Asphalt,2.52,3072688
4,195,85,20,Concrete,Detached,Low,0.16,0.35,Gravel,0.91,1062660
4,204,111,21,Concrete,Semi-detached,Medium,4.0,1.14,Asphalt,2.38,1148780
3,519,215,20,Concrete,Condominium,High,2.44,0.65,Gravel,2.88,2701540
3,349,229,7,Concrete,Condominium,High,0.74,1.34,Gravel,2.15,4249244
4,216,155,16,Concrete,Condominium,High,1.25,0.71,Asphalt,1.87,2402706
3,453,225,15,Mud&Wood,Condominium,Medium,4.67,2.36,Asphalt,1.49,857291
4,327,229,22,Mud&Wood,Condominium,Low,4.31,2.27,Asphalt,1.22,527664
3,165,82,9,Concrete,Detached,Medium,3.58,1.46,Asphalt,1.19,1128495
4,434,311,9,Concrete,Detached,Low,2.46,0.95,Asphalt,1.98,3339058
4,517,343,1,Concrete,Detached,Medium,2.65,1.01,Gravel,2.3,5310106
2,519,353,8,Mud&Wood,Detached,Low,4.88,1.09,Asphalt,2.1,1731611
3,361,146,16,Concrete,Detached,Low,4.83,1.85,Asphalt,0.76,915894
3,394,290,10,Concrete,Semi-detached,High,1.15,1.18,Gravel,1.58,4788697
2,525,343,9,Concrete,Detached,Medium,4.07,2.16,Asphalt,2.42,3639567
6,342,173,21,Concrete,Semi-detached,Medium,1.07,2.37,Gravel,1.53,1576020
3,470,324,24,Concrete,Detached,High,1.15,0.91,Asphalt,1.7,5493254
5,285,142,16,Mud&Wood,Detached,Medium,3.41,1.45,Asphalt,2.36,768863
3,345,243,3,Concrete,Semi-detached,Medium,2.08,0.33,Asphalt,2.05,4678637
4,224,98,15,Concrete,Condominium,Low,4.66,0.58,Asphalt,1.35,688679
4,367,237,19,Mud&Wood,Semi-detached,Medium,0.54,1.09,Asphalt,2.71,1816225
4,230,135,14,Mud&Wood,Semi-detached,Low,2.61,0.59,Gravel,0.66,777308
4,336,145,24,Concrete,Detached,Medium,4.6,2.2,Asphalt,2.99,866073
4,117,56,20,Concrete,Semi-detached,Low,4.53,0.48,Gravel,0.53,400000
3,139,56,4,Concrete,Detached,Medium,0.87,1.19,Asphalt,0.24,709994
5,120,67,5,Mud&Wood,Detached,Low,1.9,1.55,Asphalt,2.69,400000
5,498,251,16,Concrete,Semi-detached,Medium,3.13,1.76,Asphalt,0.89,2342185
6,324,197,0,Mud&Wood,Detached,Medium,0.88,1.02,Gravel,2.24,2481134
3,454,228,24,Mud&Wood,Detached,Medium,4.84,2.19,Asphalt,2.47,1123882
4,381,192,18,Concrete,Condominium,Medium,4.58,1.46,Asphalt,2.61,1207538
5,107,70,3,Concrete,Condominium,High,0.92,1.15,Gravel,2.98,1550720
3,199,82,16,Concrete,Detached,High,0.69,0.26,Asphalt,1.02,2238936
2,339,242,8,Concrete,Detached,High,0.52,1.22,Gravel,2.19,5454823
4,577,402,23,Concrete,Detached,Low,4.56,2.07,Asphalt,0.52,2151684
4,186,117,1,Mud&Wood,Detached,Medium,1.05,1.57,Gravel,1.34,1448652
5,397,241,7,Mud&Wood,Condominium,Medium,2.14,2.1,Gravel,2.57,1403684
3,527,375,14,Concrete,Detached,Low,2.3,1.29,Gravel,1.23,2976877
4,113,52,6,Mud&Wood,Condominium,Medium,3.04,0.38,Asphalt,1.86,791545
3,433,185,5,Concrete,Detached,Medium,0.45,0.13,Asphalt,1.61,5017161
3,101,48,0,Concrete,Condominium,High,1.21,0.83,Gravel,2.01,1127578
3,474,321,14,Concrete,Detached,Low,4.66,1.78,Asphalt,2.92,1537270
5,392,161,22,Concrete,Condominium,Low,4.55,2.0,Asphalt,0.36,1053440
4,424,256,25,Mud&Wood,Detached,Low,3.93,0.81,Gravel,1.81,400000
4,521,389,6,Mud&Wood,Semi-detached,Medium,0.2,1.29,Asphalt,2.62,4250970
3,592,414,24,Concrete,Detached,Low,1.7,1.11,Asphalt,1.55,3215467
5,140,81,16,Concrete,Detached,High,3.18,1.09,Asphalt,0.42,1145937
3,417,176,1,Concrete,Condominium,High,1.45,0.66,Asphalt,1.77,4942819
5,415,286,8,Concrete,Condominium,High,4.56,0.43,Asphalt,1.13,3734740
4,480,292,8,Mud&Wood,Condominium,Medium,3.21,0.57,Gravel,0.63,2202316
3,210,92,12,Mud&Wood,Semi-detached,Medium,0.45,0.23,Asphalt,2.58,1196474
4,113,48,5,Concrete,Condominium,Medium,4.55,0.58,Gravel,1.66,471913
3,330,237,5,Concrete,Detached,High,4.79,0.12,Gravel,2.81,2720917
4,572,362,19,Concrete,Detached,Medium,0.48,1.61,Gravel,2.46,3707450
4,183,126,19,Concrete,Detached,Low,2.71,0.86,Asphalt,2.14,988553
3,229,162,20,Concrete,Semi-detached,Medium,1.59,2.44,Gravel,0.21,1472639
5,330,198,2,Concrete,Detached,Low,2.02,0.56,Asphalt,1.4,3124318
3,425,246,16,Mud&Wood,Detached,Medium,0.98,0.93,Asphalt,0.75,2549953
4,244,134,16,Mud&Wood,Semi-detached,Low,2.93,0.96,Gravel,2.75,402799
5,478,244,11,Concrete,Condominium,Medium,4.79,0.12,Asphalt,0.69,1898642
4,444,245,15,Concrete,Detached,Medium,2.57,2.11,Gravel,1.0,2672245
3,127,85,14,Concrete,Detached,Medium,0.51,0.18,Asphalt,1.65,1529479
5,165,100,12,Concrete,Detached,Medium,3.14,2.36,Gravel,0.94,892159
4,262,186,22,Mud&Wood,Detached,Low,1.77,2.24,Asphalt,0.79,572683
3,328,182,0,Concrete,Detached,Medium,4.29,1.39,Gravel,1.88,1838261
3,360,220,16,Concrete,Semi-detached,Medium,2.23,1.4,Asphalt,0.45,3198095
4,548,340,2,Concrete,Semi-detached,Low,1.04,1.67,Asphalt,0.36,5397265
4,523,317,25,Mud&Wood,Semi-detached,Medium,1.04,1.03,Asphalt,1.24,2379853
4,559,361,14,Concrete,Detached,Medium,3.87,1.65,Asphalt,2.22,3523100
5,539,260,3,Concrete,Condominium,Medium,1.4,0.21,Asphalt,1.75,4704797
4,263,152,3,Concrete,Detached,Medium,3.86,0.23,Asphalt,1.38,3110658
3,400,174,17,Mud&Wood,Semi-detached,Medium,1.11,1.2,Asphalt,1.78,1520363
3,506,270,16,Mud&Wood,Condominium,Medium,1.68,1.42,Asphalt,1.22,1957118
3,402,229,18,Concrete,Detached,Low,2.38,2.23,Asphalt,2.82,1418338
4,386,242,10,Mud&Wood,Detached,Medium,4.72,0.35,Gravel,0.35,1032726
2,494,361,19,Mud&Wood,Condominium,Medium,4.67,2.07,Gravel,2.09,1358694
4,109,66,2,Mud&Wood,Detached,Medium,1.11,0.6,Gravel,2.7,479036
4,294,194,7,Concrete,Semi-detached,Low,1.86,1.05,Gravel,2.45,1802472
5,217,125,13,Concrete,Detached,Low,0.83,0.86,Asphalt,0.72,1830493
3,369,229,25,Concrete,Semi-detached,Medium,2.6,1.06,Asphalt,1.03,2185983
5,179,76,0,Mud&Wood,Detached,Low,2.36,0.46,Asphalt,2.21,765853
3,557,272,13,Concrete,Detached,Medium,4.51,1.31,Gravel,0.44,2798233
5,192,101,1,Mud&Wood,Semi-detached,Medium,4.66,2.02,Gravel,2.47,400000
3,365,206,22,Concrete,Detached,High,1.98,1.16,Asphalt,2.21,3027759
3,431,179,3,Mud&Wood,Detached,Medium,2.51,1.28,Asphalt,2.24,1824092
4,449,201,23,Mud&Wood,Detached,Medium,4.49,2.14,Asphalt,0.48,449574
3,460,228,18,Concrete,Detached,Low,4.05,1.79,Asphalt,2.21,1353340
3,356,263,5,Mud&Wood,Detached,Medium,0.12,1.28,Asphalt,2.1,4079390
4,232,119,24,Concrete,Detached,Low,1.67,0.72,Asphalt,2.53,1211665
4,375,213,0,Mud&Wood,Condominium,Medium,2.17,2.22,Gravel,0.32,2313195
4,363,170,16,Concrete,Detached,Medium,1.23,1.48,Asphalt,0.26,2359904
4,270,165,7,Concrete,Semi-detached,Medium,1.08,0.63,Gravel,1.24,3148651
4,559,278,18,Mud&Wood,Detached,High,0.29,0.75,Gravel,0.62,3452528
3,100,47,20,Concrete,Detached,Medium,3.25,2.03,Gravel,1.76,748780
3,412,239,0,Mud&Wood,Condominium,High,1.39,0.21,Gravel,2.77,3028329
3,163,65,4,Concrete,Detached,Medium,0.36,2.48,Gravel,1.3,1060885
5,473,190,15,Concrete,Condominium,Medium,1.23,0.41,Gravel,2.57,1714953
4,567,270,5,Concrete,Detached,Low,4.03,2.01,Gravel,0.2,2309477
4,383,158,7,Concrete,Semi-detached,Medium,4.27,1.05,Asphalt,0.67,2123929
4,220,96,12,Concrete,Semi-detached,High,2.47,1.28,Gravel,0.29,1224406
5,206,106,15,Concrete,Condominium,Medium,2.14,2.21,Gravel,1.12,400000
3,520,354,2,Concrete,Semi-detached,Low,4.89,1.09,Gravel,2.74,2281900
4,274,164,18,Concrete,Semi-detached,Low,1.08,1.39,Gravel,0.47,1419071
4,584,338,11,Mud&Wood,Detached,Medium,1.16,0.22,Asphalt,1.9,3664201
4,303,152,15,Mud&Wood,Detached,Medium,1.53,0.11,Asphalt,1.46,1246999
2,264,191,10,Concrete,Condominium,High,0.95,0.69,Asphalt,2.83,3984802
5,404,217,9,Mud&Wood,Detached,Low,1.96,1.73,Asphalt,0.54,1973182
5,596,256,24,Concrete,Detached,Medium,4.56,0.39,Gravel,0.79,1637390
4,219,134,19,Mud&Wood,Condominium,Medium,3.12,0.37,Asphalt,0.28,621456
4,143,62,3,Mud&Wood,Detached,Medium,2.12,1.09,Asphalt,1.42,826886
5,411,214,11,Mud&Wood,Condominium,High,4.68,1.65,Asphalt,0.98,1657792
4,255,147,22,Concrete,Semi-detached,Low,0.34,1.81,Asphalt,2.64,1036573
3,466,328,1,Mud&Wood,Semi-detached,High,1.13,0.53,Gravel,1.89,5473460
4,306,175,23,Concrete,Condominium,Medium,2.87,0.29,Gravel,1.92,1444369
4,489,315,21,Mud&Wood,Detached,Medium,3.12,2.36,Asphalt,1.69,1556682
4,207,154,18,Concrete,Detached,Low,0.29,0.73,Asphalt,0.46,1549858
4,350,156,24,Concrete,Semi-detached,Low,2.07,2.15,Asphalt,1.45,1253167
5,544,269,4,Mud&Wood,Detached,Medium,3.28,2.17,Asphalt,3.0,2400519
5,503,270,7,Mud&Wood,Semi-detached,Medium,3.52,1.95,Asphalt,2.54,1725704
4,469,256,6,Concrete,Condominium,Low,3.23,0.51,Gravel,2.7,1813654
3,433,235,13,Mud&Wood,Semi-detached,High,1.67,2.07,Asphalt,2.51,2245941
6,229,164,23,Concrete,Detached,Medium,0.56,1.95,Asphalt,0.49,2402789
5,556,361,22,Concrete,Condominium,Medium,2.19,1.53,Asphalt,0.84,3121639
3,392,240,2,Concrete,Semi-detached,Low,0.73,0.91,Gravel,0.21,3145753
5,119,60,17,Concrete,Semi-detached,Medium,4.74,0.73,Gravel,1.05,631296
5,381,262,15,Concrete,Detached,Low,2.43,0.39,Gravel,0.5,2453035
4,384,281,22,Concrete,Condominium,Medium,1.65,1.32,Asphalt,1.52,2632200
4,100,68,18,Concrete,Semi-detached,Medium,3.85,1.5,Gravel,2.1,400000
3,218,87,18,Concrete,Condominium,Medium,2.54,0.96,Asphalt,2.65,1084804
2,134,83,17,Concrete,Condominium,Medium,1.62,1.24,Asphalt,2.3,721971
3,297,124,19,Mud&Wood,Detached,Medium,4.08,0.97,Asphalt,2.83,640536
5,584,286,15,Mud&Wood,Semi-detached,Medium,4.35,1.64,Asphalt,0.35,1611913
2,344,144,7,Concrete,Condominium,High,3.4,2.26,Gravel,0.23,1510118
3,158,96,0,Concrete,Detached,Low,0.33,0.49,Gravel,2.05,1575673
3,424,271,16,Concrete,Condominium,Low,2.87,1.02,Asphalt,1.01,1921054
4,260,114,11,Concrete,Condominium,Medium,3.84,0.44,Gravel,0.91,1141710
5,596,318,20,Mud&Wood,Semi-detached,Medium,0.77,1.6,Gravel,1.13,2099468
3,278,155,10,Concrete,Semi-detached,High,1.22,1.85,Gravel,0.96,3316958
3,305,161,4,Concrete,Condominium,Medium,4.42,2.34,Asphalt,1.63,1892028
4,111,49,11,Concrete,Condominium,Low,0.2,0.77,Asphalt,1.43,599781
4,589,321,16,Concrete,Detached,High,3.79,2.38,Asphalt,1.63,3970068
3,375,248,5,Mud&Wood,Detached,High,2.42,0.25,Gravel,2.08,3484484
4,280,118,0,Mud&Wood,Semi-detached,Low,2.29,1.55,Asphalt,1.28,1112608
3,341,145,4,Concrete,Semi-detached,Medium,0.13,0.24,Asphalt,0.9,3659929
3,315,165,24,Concrete,Semi-detached,High,4.12,2.25,Asphalt,0.67,1753392
4,350,255,13,Mud&Wood,Semi-detached,Medium,1.86,1.37,Asphalt,1.18,2464153
4,398,252,4,Mud&Wood,Detached,Medium,2.75,1.71,Gravel,2.28,2341498
5,225,143,21,Concrete,Semi-detached,Medium,3.42,2.1,Gravel,2.32,770569
3,581,305,23,Concrete,Detached,Low,3.54,0.46,Gravel,2.07,1387897
4,316,192,0,Concrete,Semi-detached,Low,4.78,0.19,Gravel,0.86,1386404
4,405,163,17,Concrete,Semi-detached,Medium,2.7,2.21,Asphalt,1.85,1640794
2,384,239,15,Concrete,Detached,Low,2.06,0.86,Asphalt,1.8,2434049
4,284,204,8,Concrete,Detached,Medium,4.77,0.41,Asphalt,1.56,2394119
3,138,84,18,Concrete,Semi-detached,Low,3.25,1.22,Asphalt,1.74,499442
6,322,227,21,Concrete,Semi-detached,Medium,1.56,1.54,Asphalt,1.58,1992343
3,283,184,4,Mud&Wood,Detached,Low,0.72,0.17,Gravel,1.78,1927652
4,594,262,1,Concrete,Condominium,Low,4.23,0.76,Asphalt,2.2,1798560
2,526,376,14,Concrete,Semi-detached,High,1.87,0.18,Gravel,0.51,6742989
6,277,117,6,Concrete,Condominium,Low,3.34,1.11,Asphalt,2.3,981689
4,506,296,3,Concrete,Semi-detached,Low,2.41,2.25,Asphalt,0.58,3331981
4,527,237,0,Mud&Wood,Semi-detached,Low,1.07,2.46,Asphalt,0.39,2137032
2,393,158,12,Concrete,Condominium,Medium,3.05,1.63,Asphalt,2.93,1217082
4,439,240,19,Concrete,Semi-detached,Low,0.4,0.49,Asphalt,2.88,2152344
3,250,125,21,Mud&Wood,Semi-detached,Low,2.13,2.27,Asphalt,0.37,761065
5,483,275,6,Concrete,Detached,Medium,2.78,1.34,Asphalt,1.44,4794999
3,225,135,14,Mud&Wood,Semi-detached,Low,2.24,0.47,Asphalt,0.72,686463
3,400,166,22,Concrete,Detached,High,3.77,2.31,Asphalt,1.56,1337918
2,407,180,13,Concrete,Detached,High,4.16,1.92,Gravel,2.52,1629647
4,435,259,22,Concrete,Detached,Medium,3.88,1.86,Gravel,2.86,1997761
4,533,277,18,Concrete,Detached,Medium,0.29,1.8,Asphalt,1.98,4001957
2,333,218,21,Mud&Wood,Condominium,Medium,1.05,0.58,Gravel,1.19,1284899
4,479,300,23,Mud&Wood,Detached,High,2.73,0.61,Gravel,1.89,2362279
4,474,329,19,Concrete,Semi-detached,Low,4.68,1.75,Gravel,1.07,1210451
4,107,68,23,Concrete,Condominium,High,4.19,0.63,Asphalt,2.75,531783
4,597,328,17,Mud&Wood,Semi-detached,High,4.23,1.15,Asphalt,2.64,2288070
4,440,279,9,Mud&Wood,Detached,High,1.59,1.98,Gravel,1.76,3400231
4,228,113,8,Concrete,Semi-detached,Medium,2.2,1.98,Asphalt,1.11,1499550
3,363,184,24,Concrete,Semi-detached,Low,2.41,1.19,Gravel,1.02,1313505
3,256,173,7,Concrete,Semi-detached,Medium,0.87,2.0,Gravel,0.29,2719178
5,451,250,25,Mud&Wood,Condominium,Low,0.25,2.11,Asphalt,2.48,724795
5,457,310,9,Concrete,Condominium,High,4.74,1.67,Asphalt,1.46,3719625
3,104,71,16,Concrete,Semi-detached,Medium,1.28,0.65,Asphalt,1.11,788111
3,594,415,1,Mud&Wood,Detached,Medium,1.28,0.76,Asphalt,1.52,6335162
4,185,133,5,Concrete,Semi-detached,Medium,0.51,0.86,Asphalt,2.49,3551328
4,274,150,25,Concrete,Detached,High,4.65,0.38,Asphalt,0.55,1920892
2,389,199,4,Concrete,Condominium,Medium,2.94,0.76,Asphalt,2.6,2654222
3,292,176,8,Concrete,Detached,Medium,3.37,0.6,Asphalt,2.71,2665285
4,410,217,4,Concrete,Detached,Low,4.57,1.19,Gravel,2.85,1186081
4,218,133,17,Concrete,Condominium,Medium,1.79,2.28,Asphalt,1.31,1180320
2,317,205,25,Concrete,Semi-detached,High,3.15,0.35,Gravel,0.81,2047590
3,526,337,19,Concrete,Detached,Medium,0.29,1.83,Gravel,1.25,4292949
3,557,295,8,Mud&Wood,Semi-detached,High,1.02,1.75,Asphalt,1.13,3912491
4,513,235,16,Mud&Wood,Condominium,Low,4.17,0.33,Gravel,0.69,653664
2,213,117,16,Concrete,Detached,Medium,3.86,2.31,Asphalt,1.9,1013724
3,565,254,11,Concrete,Condominium,High,1.82,1.46,Gravel,1.53,4017862
4,244,173,6,Concrete,Detached,Low,1.95,0.97,Asphalt,2.62,1684732
3,125,65,2,Concrete,Condominium,Medium,2.71,1.92,Asphalt,0.29,683861
4,235,106,9,Concrete,Condominium,High,0.1,0.72,Asphalt,2.0,2685590
3,402,164,1,Mud&Wood,Detached,Medium,1.28,1.76,Asphalt,2.34,2366741
2,331,207,24,Concrete,Semi-detached,Medium,1.12,0.2,Asphalt,2.33,2540507
3,468,291,2,Concrete,Detached,Low,1.33,2.11,Asphalt,2.68,3786771
4,175,90,15,Concrete,Semi-detached,Low,4.05,1.18,Asphalt,2.24,464546
5,574,244,1,Mud&Wood,Semi-detached,Low,1.47,1.63,Asphalt,2.8,1957251
5,427,232,23,Concrete,Semi-detached,Medium,1.04,0.63,Asphalt,1.13,3165864
3,444,225,9,Concrete,Detached,Medium,2.57,1.72,Asphalt,1.61,3215413
4,401,255,5,Concrete,Detached,Low,4.34,1.95,Asphalt,0.24,2099152
3,551,337,21,Mud&Wood,Detached,High,1.28,1.24,Asphalt,0.22,3668197
3,388,204,25,Mud&Wood,Detached,Medium,0.48,1.58,Gravel,0.87,1548609
5,100,47,10,Concrete,Semi-detached,Medium,1.85,1.2,Asphalt,0.48,400000
2,246,183,22,Concrete,Condominium,High,3.76,2.25,Gravel,0.93,1783457
2,386,215,6,Concrete,Semi-detached,Medium,2.8,1.29,Asphalt,0.7,3284273
3,563,360,14,Concrete,Semi-detached,Low,4.1,2.12,Gravel,0.28,1988609
2,241,108,5,Mud&Wood,Condominium,Low,4.8,2.02,Asphalt,2.75,547372
3,152,86,19,Mud&Wood,Semi-detached,High,3.98,1.09,Asphalt,0.22,482702
4,403,165,8,Mud&Wood,Condominium,High,3.06,0.65,Asphalt,2.26,1493623
4,168,96,21,Mud&Wood,Semi-detached,Medium,2.52,1.07,Asphalt,0.63,655448
5,460,339,19,Concrete,Detached,Low,0.3,2.08,Asphalt,2.75,2808714
5,189,101,11,Concrete,Detached,High,4.92,0.65,Asphalt,2.7,1059162
3,545,225,18,Mud&Wood,Semi-detached,Low,1.98,1.36,Gravel,2.03,575501
3,319,131,19,Concrete,Detached,High,0.85,2.03,Asphalt,2.08,2582940
3,549,294,2,Mud&Wood,Detached,Medium,3.37,0.95,Asphalt,0.21,3500948
4,597,272,14,Concrete,Semi-detached,Medium,1.49,1.64,Gravel,2.96,2514505
3,291,118,1,Concrete,Semi-detached,Low,2.97,0.69,Asphalt,2.66,1496614
4,553,367,20,Mud&Wood,Semi-detached,Medium,2.98,0.36,Gravel,2.71,1518580
4,162,90,1,Concrete,Detached,Medium,2.28,2.01,Asphalt,2.05,1146982
4,172,86,21,Mud&Wood,Detached,Medium,4.2,0.34,Gravel,1.17,574652
4,260,185,2,Mud&Wood,Semi-detached,Low,1.4,0.75,Asphalt,2.7,1874643
3,268,118,5,Mud&Wood,Condominium,Low,2.3,2.15,Gravel,1.02,688272
5,188,138,14,Mud&Wood,Semi-detached,High,2.73,0.93,Gravel,1.78,606673
4,275,140,9,Concrete,Condominium,Low,3.35,2.44,Asphalt,0.48,1013294
3,368,261,8,Mud&Wood,Condominium,Medium,3.94,2.45,Asphalt,2.78,1270833
5,172,105,0,Concrete,Semi-detached,High,2.03,0.74,Asphalt,0.59,3259330
4,344,237,15,Concrete,Detached,Medium,3.27,0.2,Gravel,0.83,2425724
5,176,131,5,Concrete,Semi-detached,High,0.84,1.79,Asphalt,1.76,3251673
4,258,129,8,Concrete,Semi-detached,Low,4.67,1.18,Asphalt,2.34,502251
4,588,433,3,Concrete,Semi-detached,Low,1.98,0.34,Asphalt,1.93,5681176
2,558,299,1,Concrete,Semi-detached,High,3.67,1.8,Asphalt,0.85,5683789
3,423,226,3,Concrete,Semi-detached,Medium,0.2,0.17,Asphalt,0.2,6824958
4,197,102,0,Mud&Wood,Detached,Low,1.11,2.19,Gravel,2.32,528606
4,480,282,18,Concrete,Semi-detached,Low,2.49,0.43,Asphalt,2.96,1190529
3,201,91,25,Mud&Wood,Detached,Medium,4.4,0.41,Gravel,2.47,524519
3,593,352,24,Mud&Wood,Condominium,Low,2.68,0.52,Asphalt,1.49,1333992
5,231,136,9,Mud&Wood,Detached,Medium,4.66,2.4,Asphalt,2.73,1081265
6,201,133,20,Concrete,Detached,Medium,2.47,1.76,Asphalt,1.35,916697
4,118,81,14,Mud&Wood,Semi-detached,Low,2.5,2.02,Asphalt,1.67,400000
3,553,306,21,Concrete,Semi-detached,Medium,0.69,1.05,Gravel,1.54,3350139
3,581,293,18,Mud&Wood,Semi-detached,Medium,4.03,0.91,Gravel,1.45,1432463
2,181,88,15,Concrete,Detached,Medium,1.31,0.66,Asphalt,2.37,988752
5,496,232,20,Mud&Wood,Semi-detached,Low,4.51,1.25,Asphalt,1.67,800274
3,588,247,23,Mud&Wood,Detached,Low,4.56,1.42,Asphalt,1.09,611157
4,378,196,21,Concrete,Condominium,Medium,4.72,1.62,Gravel,0.92,578203
3,438,216,3,Concrete,Condominium,Medium,2.65,0.72,Gravel,0.31,2903449
4,464,342,1,Mud&Wood,Semi-detached,Medium,3.42,2.38,Gravel,1.83,2430828
4,430,255,24,Concrete,Detached,Medium,3.91,0.51,Asphalt,0.84,1873059
5,228,118,12,Mud&Wood,Semi-detached,Medium,0.74,2.42,Asphalt,0.61,1303990
3,443,267,0,Concrete,Detached,Low,3.04,0.14,Asphalt,2.03,3658758
2,409,183,16,Concrete,Semi-detached,Medium,0.27,1.25,Asphalt,2.11,2745338
3,554,307,12,Mud&Wood,Detached,Medium,2.54,0.9,Asphalt,2.31,2124023
5,188,116,3,Mud&Wood,Condominium,High,0.86,1.18,Asphalt,1.61,1437952
5,312,178,6,Mud&Wood,Detached,Medium,1.0,1.47,Asphalt,2.7,1927864
4,242,130,16,Concrete,Semi-detached,Low,1.89,1.15,Gravel,2.82,533696
4,164,122,8,Mud&Wood,Semi-detached,Medium,2.22,1.1,Gravel,2.46,777967
4,175,123,3,Concrete,Semi-detached,High,3.15,1.86,Asphalt,1.98,2520209
3,298,184,18,Concrete,Detached,Medium,0.46,1.75,Asphalt,1.05,2862034
5,242,145,0,Mud&Wood,Condominium,Medium,2.57,2.1,Asphalt,2.95,1112553
4,504,311,9,Concrete,Semi-detached,High,0.99,0.7,Gravel,0.97,6595758
3,502,236,3,Concrete,Semi-detached,Medium,2.91,1.56,Gravel,0.77,3431025
4,415,223,8,Concrete,Detached,Medium,3.22,1.5,Gravel,1.44,2898816
2,192,79,12,Mud&Wood,Semi-detached,Medium,2.83,0.99,Gravel,0.36,645499
3,572,324,13,Concrete,Semi-detached,Medium,3.72,1.27,Asphalt,2.94,3064873
4,516,304,9,Mud&Wood,Detached,Medium,1.74,0.85,Asphalt,1.85,3279147
2,404,193,5,Concrete,Detached,Low,3.85,0.44,Asphalt,1.76,2318245
4,323,238,15,Concrete,Condominium,Medium,2.22,0.61,Asphalt,2.04,2843972
3,596,428,5,Mud&Wood,Detached,Medium,2.47,0.35,Gravel,1.59,4405947
3,390,254,16,Concrete,Detached,Medium,3.28,1.74,Asphalt,0.29,2891517
3,527,309,9,Concrete,Semi-detached,Medium,0.19,1.69,Asphalt,1.91,5424498
3,201,141,17,Concrete,Condominium,Low,3.3,2.38,Asphalt,2.21,544861
4,573,255,21,Concrete,Detached,Medium,3.13,1.85,Gravel,1.37,1823279
3,366,247,17,Mud&Wood,Semi-detached,Low,1.62,0.22,Asphalt,2.32,1710804
4,454,201,2,Concrete,Detached,High,0.52,2.22,Gravel,0.84,5612829
4,555,376,19,Mud&Wood,Detached,Medium,0.55,2.17,Asphalt,0.82,3203631
4,209,103,20,Concrete,Detached,Low,4.62,1.16,Asphalt,0.65,806003
5,561,396,24,Concrete,Condominium,Medium,3.48,1.51,Asphalt,1.24,2761170
4,429,313,14,Mud&Wood,Detached,Medium,0.72,2.44,Gravel,2.57,2600630
3,549,248,14,Concrete,Detached,Medium,1.85,1.38,Asphalt,2.52,3255156
2,529,297,3,Concrete,Semi-detached,Low,3.0,2.27,Gravel,1.27,1968143
3,364,270,8,Concrete,Condominium,High,4.19,0.3,Asphalt,1.85,3914428
4,102,58,25,Concrete,Detached,Low,0.31,0.56,Asphalt,2.22,440370
2,184,129,18,Concrete,Semi-detached,High,1.26,1.16,Gravel,0.88,1617706
4,381,230,23,Concrete,Detached,Low,4.46,1.5,Asphalt,0.67,1365632
4,427,226,16,Concrete,Semi-detached,Medium,0.14,2.06,Asphalt,2.92,3410926
3,403,201,10,Concrete,Semi-detached,Low,1.09,2.47,Gravel,1.93,1319641
4,549,258,24,Concrete,Semi-detached,Medium,4.8,1.03,Asphalt,2.95,1752193
3,553,368,8,Concrete,Detached,Low,3.11,0.21,Gravel,1.15,3207109
2,511,273,9,Concrete,Detached,High,1.38,2.02,Asphalt,2.17,5879836
4,216,125,17,Mud&Wood,Detached,High,0.43,1.55,Asphalt,0.82,1681045
4,320,183,19,Mud&Wood,Detached,Medium,0.24,0.58,Asphalt,0.93,1986132
4,253,152,12,Concrete,Detached,High,1.3,1.29,Gravel,1.63,2905626
4,252,177,7,Mud&Wood,Condominium,High,4.42,1.88,Asphalt,1.09,1151467
3,111,82,6,Concrete,Condominium,Low,2.14,1.95,Gravel,0.67,986245
5,232,125,16,Concrete,Condominium,Low,3.63,1.3,Gravel,0.94,751136
4,581,400,20,Concrete,Condominium,Medium,4.6,0.83,Asphalt,0.3,3309896
4,403,269,22,Concrete,Semi-detached,Low,2.1,2.44,Asphalt,2.17,1349004
3,392,235,14,Concrete,Semi-detached,Medium,1.04,1.69,Asphalt,1.58,3129212
4,562,412,19,Concrete,Detached,Medium,2.63,1.08,Asphalt,0.46,5447593
3,399,187,14,Concrete,Semi-detached,Low,4.55,0.77,Asphalt,0.68,967871
2,327,143,0,Mud&Wood,Semi-detached,Medium,4.04,1.85,Gravel,0.49,1097298
5,370,258,24,Concrete,Semi-detached,Low,0.42,0.68,Gravel,1.92,2040138
3,142,78,13,Concrete,Condominium,Medium,3.49,0.51,Gravel,0.46,702584
6,531,369,4,Mud&Wood,Detached,Medium,2.9,1.37,Gravel,2.31,3151172
4,442,314,10,Concrete,Detached,High,4.55,0.8,Gravel,0.26,4337116
